[17:13:26-150]type:3,code:48,value:10 
[17:13:26-151]1, 523,384 
[17:13:26-234]type:3,code:48,value:0 
[17:13:26-235]0, 524,385 
[17:13:33-936]type:3,code:48,value:10 
[17:13:33-937]1, 928,511 
[17:13:34-063]type:3,code:48,value:0 
[17:13:34-064]0, 929,512 
[17:13:34-547]type:3,code:48,value:10 
[17:13:34-547]1, 968,551 
[17:13:34-547]audio_play==========0
[17:13:34-562]audio_output_open @@  16000  @@  16000  @@  1  @@  1  @@@@@@@@@@@@@@@@@@@@@
[17:13:34-572][    ECHO][2026-09-01 17:13:33 853] ## Echo: [    ECHO][2026-09-01 17:13:33 854] set far_NR param[    ECHO][2026-09-01 17:13:33 855]  (enable)
[17:13:34-572][      AO][2026-09-01 17:13:33 876] [ak_ao_set_nr_attr:1366] leave...
[17:13:34-583][    ECHO][2026-09-01 17:13:33 876] ## Echo: [    ECHO][2026-09-01 17:13:33 877] set far_Volume param[    ECHO][2026-09-01 17:13:33 878] 
[17:13:34-594][      AO][2026-09-01 17:13:33 890] [ak_ao_set_aslc_attr:1293] leave...
[17:13:34-594][      AO][2026-09-01 17:13:33 890] [ak_ao_set_gain:792] set gain 3
[17:13:34-626][    ECHO][2026-09-01 17:13:33 896] ## Echo: [    ECHO][2026-09-01 17:13:33 897] set far_Volume param[    ECHO][2026-09-01 17:13:33 898] 
[17:13:34-626][      AO][2026-09-01 17:13:33 911] [ak_ao_set_volume:845] leave...
[17:13:34-702]type:3,code:48,value:0 
[17:13:34-702]0, 970,552 
[17:13:34-702]
[17:13:34-702][***layout_home_quit***]:677    ======LAYOUT_QUIT_FUNC=====>>
[17:13:34-702]
[17:13:34-702]
[17:13:34-719][***mailbox_status_create***]:1639      0
[17:13:34-719]audio_output_restart !!!!!!!!!!!!!!!!!!!!!!!!!!!!
[17:13:34-725][      AO][2026-09-01 17:13:34 014] [ak_ao_cancel:1481] enter...
[17:13:34-735][     VQE][2026-09-01 17:13:34 014] [ak_vqe_inner_clean_ao_buf:3413] osal_vqe_get_dac entry...
[17:13:34-736][    ECHO][2026-09-01 17:13:34 015] ## _SD_Echo_Reset (0xa393b8)
[17:13:34-750][    ECHO][2026-09-01 17:13:34 016] ## ASLC OPEN OK ena:1, lookAheadLen:96
[17:13:34-750][     VQE][2026-09-01 17:13:34 016] [ak_vqe_inner_clean_ao_buf:3433] exit...
[17:13:34-750]backlight_open,44 1
[17:13:34-765]system_bg_resource_load================!!!!!!!!!!!!!!!!!!:13109
[17:13:34-765]
[17:13:34-765]
[17:13:34-779][***dev_info_status_callback***]:2084   ====dev_info_status_callback=======>>>>arg1:1   arg2:0
[17:13:34-779]
[17:13:34-779]
[17:13:34-779][***wifi_icon_display***]:1991  icon_offset:0
[17:13:34-779]
[17:13:34-779]
[17:13:34-787][UI_PERF] layout switch from=0x4f77d4 to=0x4f95bc prepare=5ms quit=0ms clean=0ms enter=26ms total=31ms
[17:13:34-798][      AO][2026-09-01 17:13:34 077] [ak_ao_cancel:1501] leave
[17:13:34-798][      AO][2026-09-01 17:13:34 078] [ak_ao_restart:1696] enter...
[17:13:34-812][      AO][2026-09-01 17:13:34 078] [ak_ao_restart:1724] leave
[17:13:34-946][09-01 17:13:34 ty E][3a34][tuya_svc_lan.c:1587] net recv err fd:33,errno:-20
[17:13:35-400]type:3,code:48,value:10 
[17:13:35-400]1, 866,375 
[17:13:35-401]audio_play==========0
[17:13:35-406]audio_output_open @@  16000  @@  16000  @@  1  @@  1  @@@@@@@@@@@@@@@@@@@@@
[17:13:35-420][    ECHO][2026-09-01 17:13:34 703] ## Echo: [    ECHO][2026-09-01 17:13:34 703] set far_NR param[    ECHO][2026-09-01 17:13:34 704]  (enable)
[17:13:35-421][      AO][2026-09-01 17:13:34 718] [ak_ao_set_nr_attr:1366] leave...
[17:13:35-430][    ECHO][2026-09-01 17:13:34 719] ## Echo: [    ECHO][2026-09-01 17:13:34 720] set far_Volume param[    ECHO][2026-09-01 17:13:34 720] 
[17:13:35-440][      AO][2026-09-01 17:13:34 734] [ak_ao_set_aslc_attr:1293] leave...
[17:13:35-440][      AO][2026-09-01 17:13:34 735] [ak_ao_set_gain:792] set gain 3
[17:13:35-478][    ECHO][2026-09-01 17:13:34 739] ## Echo: [    ECHO][2026-09-01 17:13:34 740] set far_Volume param[    ECHO][2026-09-01 17:13:34 741] 
[17:13:35-478][      AO][2026-09-01 17:13:34 759] [ak_ao_set_volume:845] leave...
[17:13:35-479]type:3,code:48,value:0 
[17:13:35-479]0, 867,376 
[17:13:35-479]
[17:13:35-491][***monitor_video_mode_close***]:2363   ==============monitor_video_mode_close====>>>>
[17:13:35-492]
[17:13:35-492]
[17:13:35-505]stream is close 
[17:13:35-505]
[17:13:35-513][***audio_talk_close***]:[486]:83204ms  [AUDIO_DIAG] talk close all=1 audiocast=0 status=0 send_eth=0x0 receive_eth=0x0
[17:13:35-513]
[17:13:35-527][***audio_talk_close***]:[499]:83204ms  [TUYA_AUDIO_TRACE] audio_talk_close: close local audio input/decode
[17:13:35-527]
[17:13:35-528][***layout_home_enter***]:617   ================================
[17:13:35-528]backlight_open,44 1
[17:13:35-538]audio_output_restart !!!!!!!!!!!!!!!!!!!!!!!!!!!!
[17:13:35-539][      AO][2026-09-01 17:13:34 825] [ak_ao_cancel:1481] enter...
[17:13:35-553][     VQE][2026-09-01 17:13:34 825] [ak_vqe_inner_clean_ao_buf:3413] osal_vqe_get_dac entry...
[17:13:35-561][    ECHO][2026-09-01 17:13:34 826] ## _SD_Echo_Reset (0xa393b8)
[17:13:35-561][    ECHO][2026-09-01 17:13:34 827] ## ASLC OPEN OK ena:1, lookAheadLen:96
[17:13:35-578][     VQE][2026-09-01 17:13:34 827] [ak_vqe_inner_clean_ao_buf:3433] exit...
[17:13:35-578]
[17:13:35-590][***dev_info_status_callback***]:2084   ====dev_info_status_callback=======>>>>arg1:1   arg2:0
[17:13:35-590]
[17:13:35-590]
[17:13:35-590][***wifi_icon_display***]:1991  icon_offset:0
[17:13:35-590]
[17:13:35-590]
[17:13:35-590]
[17:13:35-599][***layout_home_enter***]:672   ================================
[17:13:35-613][UI_PERF] layout switch from=0x4f95bc to=0x4f77d4 prepare=4ms quit=19ms clean=0ms enter=26ms total=49ms
[17:13:35-614][      AO][2026-09-01 17:13:34 878] [ak_ao_cancel:1501] leave
[17:13:35-634][      AO][2026-09-01 17:13:34 879] [ak_ao_restart:1696] enter...
[17:13:35-634][      AO][2026-09-01 17:13:34 879] [ak_ao_restart:1724] leave
[17:13:36-341]type:3,code:48,value:10 
[17:13:36-342]1, 228,203 
[17:13:36-342]audio_play==========0
[17:13:36-348]audio_output_open @@  16000  @@  16000  @@  1  @@  1  @@@@@@@@@@@@@@@@@@@@@
[17:13:36-363][    ECHO][2026-09-01 17:13:35 639] ## Echo: [    ECHO][2026-09-01 17:13:35 641] set far_NR param[    ECHO][2026-09-01 17:13:35 642]  (enable)
[17:13:36-364][      AO][2026-09-01 17:13:35 664] [ak_ao_set_nr_attr:1366] leave...
[17:13:36-375][    ECHO][2026-09-01 17:13:35 665] ## Echo: [    ECHO][2026-09-01 17:13:35 666] set far_Volume param[    ECHO][2026-09-01 17:13:35 666] 
[17:13:36-384][      AO][2026-09-01 17:13:35 680] [ak_ao_set_aslc_attr:1293] leave...
[17:13:36-385][      AO][2026-09-01 17:13:35 680] [ak_ao_set_gain:792] set gain 3
[17:13:36-421][    ECHO][2026-09-01 17:13:35 685] ## Echo: [    ECHO][2026-09-01 17:13:35 685] set far_Volume param[    ECHO][2026-09-01 17:13:35 686] 
[17:13:36-422][      AO][2026-09-01 17:13:35 699] [ak_ao_set_volume:845] leave...
[17:13:36-422]type:3,code:48,value:0 
[17:13:36-422]0, 229,204 
[17:13:36-422]
[17:13:36-430][***layout_home_quit***]:677    ======LAYOUT_QUIT_FUNC=====>>
[17:13:36-430]
[17:13:36-430]
[17:13:36-441][***dev_info_status_callback***]:2084   ====dev_info_status_callback=======>>>>arg1:1   arg2:0
[17:13:36-441]
[17:13:36-441]
[17:13:36-443][***wifi_icon_display***]:1991  icon_offset:0
[17:13:36-443]
[17:13:36-443]
[17:13:36-461][UI_PERF] layout switch from=0x4f77d4 to=0x4f8324 prepare=7ms quit=0ms clean=0ms enter=10ms total=18ms
[17:13:36-513]audio_output_restart !!!!!!!!!!!!!!!!!!!!!!!!!!!!
[17:13:36-513][      AO][2026-09-01 17:13:35 806] [ak_ao_cancel:1481] enter...
[17:13:36-520][     VQE][2026-09-01 17:13:35 807] [ak_vqe_inner_clean_ao_buf:3413] osal_vqe_get_dac entry...
[17:13:36-534][    ECHO][2026-09-01 17:13:35 808] ## _SD_Echo_Reset (0xa393b8)
[17:13:36-534][    ECHO][2026-09-01 17:13:35 809] ## ASLC OPEN OK ena:1, lookAheadLen:96
[17:13:36-556][     VQE][2026-09-01 17:13:35 810] [ak_vqe_inner_clean_ao_buf:3433] exit...
[17:13:36-571][      AO][2026-09-01 17:13:35 872] [ak_ao_cancel:1501] leave
[17:13:36-598][      AO][2026-09-01 17:13:35 872] [ak_ao_restart:1696] enter...
[17:13:36-598][      AO][2026-09-01 17:13:35 873] [ak_ao_restart:1724] leave
[17:13:36-878]type:3,code:48,value:10 
[17:13:36-878]1, 630,390 
[17:13:36-878]audio_play==========0
[17:13:36-896]audio_output_open @@  16000  @@  16000  @@  1  @@  1  @@@@@@@@@@@@@@@@@@@@@
[17:13:36-914][    ECHO][2026-09-01 17:13:36 196] ## Echo: [    ECHO][2026-09-01 17:13:36 197] set far_NR param[    ECHO][2026-09-01 17:13:36 198]  (enable)
[17:13:36-918][      AO][2026-09-01 17:13:36 212] [ak_ao_set_nr_attr:1366] leave...
[17:13:36-928][    ECHO][2026-09-01 17:13:36 213] ## Echo: [    ECHO][2026-09-01 17:13:36 214] set far_Volume param[    ECHO][2026-09-01 17:13:36 214] 
[17:13:36-929][      AO][2026-09-01 17:13:36 228] [ak_ao_set_aslc_attr:1293] leave...
[17:13:36-941][      AO][2026-09-01 17:13:36 228] [ak_ao_set_gain:792] set gain 3
[17:13:36-950][    ECHO][2026-09-01 17:13:36 232] ## Echo: [    ECHO][2026-09-01 17:13:36 233] set far_Volume param[    ECHO][2026-09-01 17:13:36 234] 
[17:13:36-951]type:3,code:48,value:0 
[17:13:36-952]0, 631,391 
[17:13:36-952]
[17:13:36-961][***layout_setting_info_enter***]:413   ================================
[17:13:36-961]
[17:13:36-961][***setting_bg_display***]:32 
[17:13:36-961]
[17:13:36-961]
[17:13:36-961]
[17:13:36-975][      AO][2026-09-01 17:13:36 257] [ak_ao_set_volume:845] leave...
[17:13:36-975]MTD涓暟:11
[17:13:36-975]
[17:13:36-985][***get_curr_relesse_date***]:186       Release Date : 2026-9-1
[17:13:37-001][UI_PERF] layout switch from=0x4f8324 to=0x4f893c prepare=4ms quit=0ms clean=0ms enter=42ms total=46ms
[17:13:37-057]audio_output_restart !!!!!!!!!!!!!!!!!!!!!!!!!!!!
[17:13:37-057][      AO][2026-09-01 17:13:36 359] [ak_ao_cancel:1481] enter...
[17:13:37-067][     VQE][2026-09-01 17:13:36 360] [ak_vqe_inner_clean_ao_buf:3413] osal_vqe_get_dac entry...
[17:13:37-079][    ECHO][2026-09-01 17:13:36 360] ## _SD_Echo_Reset (0xa393b8)
[17:13:37-079][    ECHO][2026-09-01 17:13:36 362] ## ASLC OPEN OK ena:1, lookAheadLen:96
[17:13:37-099][     VQE][2026-09-01 17:13:36 362] [ak_vqe_inner_clean_ao_buf:3433] exit...
[17:13:37-119][      AO][2026-09-01 17:13:36 420] [ak_ao_cancel:1501] leave
[17:13:37-143][      AO][2026-09-01 17:13:36 420] [ak_ao_restart:1696] enter...
[17:13:37-144][      AO][2026-09-01 17:13:36 428] [ak_ao_restart:1724] leave
[17:13:44-741]
[17:13:44-741]anyka login: 
[17:13:44-922]anyka login: 
[17:13:44-922]anyka login: 
[17:13:45-048]anyka login: _tuya_api_weather_get,198==================>>>>
[17:13:45-048]
[17:13:45-048]
[17:13:45-064]
[17:13:45-064]anyka login: 
[17:13:45-284]anyka login: 
[17:13:45-284]anyka login: 
[17:13:45-949]anyka login: {
[17:13:45-949]        "data": {
[17:13:45-950]                "w.humidity.0": 84,
[17:13:45-950]                "w.pressure.0": 991,
[17:13:45-950]                "w.pm10.0":     9,
[17:13:45-950]                "w.pm25.0":     9,
[17:13:45-950]                "w.temp.0":     28,
[17:13:45-969]                "w.conditionNum.0":     "101",
[17:13:45-970]                "w.thigh.0":    29,
[17:13:45-971]                "w.tlow.0":     24,
[17:13:45-972]                "c.city":       "鐝犳捣",
[17:13:45-973]                "w.humidity":   82,
[17:13:45-973]                "w.pressure":   991,
[17:13:45-982]                "w.pm10":       12,
[17:13:45-982]                "w.pm25":       12,
[17:13:45-982]                "w.temp":       28,
[17:13:45-982]                "w.conditionNum":       "142"
[17:13:45-983]        },
[17:13:45-983]        "expiration":   29
[17:13:45-998]}_tuya_api_weather_get,283==================>>>>
[17:13:45-998]
[17:13:45-998]
[17:13:45-998]Tue Sep  1 17:13:45 UTC 2026
[17:13:59-514]
[17:13:59-514]anyka login: 
[17:13:59-702]anyka login: 
[17:13:59-702]anyka login: 
[17:13:59-838]anyka login: 
[17:13:59-838]anyka login: 
[17:13:59-980]anyka login: 
[17:13:59-980]anyka login: 
[17:14:01-630]anyka login: 
[17:14:01-631]anyka login: 
[17:14:02-139]anyka login: 
[17:14:02-139]anyka login: 
[17:14:02-173]anyka login: 
[17:14:02-173]anyka login: 
[17:14:02-202]anyka login: 
[17:14:02-202]anyka login: 
[17:14:02-238]anyka login: 
[17:14:02-239]anyka login: 
[17:14:02-261]anyka login: 
[17:14:02-261]anyka login: 
[17:14:02-292]anyka login: 
[17:14:02-292]anyka login: 
[17:14:02-343]anyka login: 
[17:14:02-343]anyka login: 
[17:14:02-386]anyka login: 
[17:14:02-386]anyka login: 
[17:14:02-400]anyka login: 
[17:14:02-400]anyka login: 
[17:14:02-432]anyka login: 
[17:14:02-432]anyka login: 
[17:14:02-462]anyka login: 
[17:14:02-462]anyka login: 
[17:14:02-494]anyka login: 
[17:14:02-494]anyka login: 
[17:14:02-525]anyka login: 
[17:14:02-525]anyka login: 
[17:14:02-577]anyka login: 
[17:14:02-578]anyka login: 
[17:14:02-591]anyka login: 
[17:14:02-592]anyka login: 
[17:14:02-619]anyka login: 
[17:14:02-620]anyka login: 
[17:14:02-667]anyka login: 
[17:14:02-668]anyka login: 
[17:14:02-701]anyka login: 
[17:14:02-701]anyka login: 
[17:14:02-728]anyka login: 
[17:14:02-729]anyka login: 
[17:14:02-762]anyka login: 
[17:14:02-763]anyka login: 
[17:14:02-792]anyka login: 
[17:14:02-792]anyka login: 
[17:14:02-825]anyka login: 
[17:14:02-825]anyka login: 
[17:14:02-871]anyka login: 
[17:14:02-872]anyka login: 
[17:14:03-745]anyka login: 
[17:14:03-745]anyka login: 
[17:14:03-786]anyka login: MODE:3  LINK_TYPE:2 IP_MODE_TYPE:0
[17:14:03-787]Password: 
[17:14:03-809][01-01 00:00:00 ty I][6f44][tal_thread.c:185] thread_create name:wq_system,stackDepth:6144,totalstackDepth:10240,priority:3
[17:14:03-809]
[17:14:03-816][01-01 00:00:00 ty I][6f44][tal_thread.c:185] thread_create name:wq_highpri,stackDepth:5120,totalstackDepth:15360,priority:4
[17:14:03-816]
[17:14:03-841][01-01 00:00:00 ty I][6f44][tal_thread.c:185] thread_create name:health_monitor,stackDepth:1536,totalstackDepth:16896,priority:5
[17:14:03-841]
[17:14:03-841][01-01 00:00:00 ty I][6f44][mqc_app.c:516] mqc app init ...
[17:14:03-841]
[17:14:03-853][01-01 00:00:00 ty E][6f44][mqc_app.c:119] handler cnt is zero
[17:14:03-853]
[17:14:03-867][01-01 00:00:00 ty E][6f44][log_seq.c:861] open err
[17:14:03-867]
[17:14:03-891][01-01 00:00:00 ty I][6f44][kv_storge.c:45] Init Kvs With File:/app/data/tuya_cache/
[17:14:03-891]
[17:14:03-898][01-01 00:00:00 ty N][6f44][tuya_tls.c:876] uni_random_init...
[17:14:03-898]
[17:14:03-916][01-01 00:00:00 ty N][6f44][tuya_tls.c:303] tuya_tls_rand_init ok!
[17:14:03-916]
[17:14:03-939][01-01 00:00:00 ty N][6f44][tuya_svc_devos.c:338] gw_cntl->gw_wsm.stat:2
[17:14:03-940]
[17:14:03-944][01-01 00:00:00 ty E][6f44][tuya_wifi_connect.c:257] ret:-4
[17:14:03-944]
[17:14:03-963][01-01 00:00:00 ty E][6f44][base_event.c:153] ret:-4
[17:14:03-963]
[17:14:03-979]type:3,code:48,value:10 
[17:14:03-979]
[17:14:03-994]1, 535,388 
[17:14:03-994]
[17:14:04-010]
[17:14:04-011]
[17:14:04-039][***get_outdoor_talk_state***]:[116]:21968ms    [AUDIO_DIAG] door=1 busy raw=0 effective=0 now=21968 hang=0 grace=3000
[17:14:04-039]
[17:14:04-039]
[17:14:04-039]
[17:14:04-059][***get_outdoor_talk_state***]:[116]:21968ms    [AUDIO_DIAG] door=2 busy raw=0 effective=0 now=21968 hang=0 grace=3000
[17:14:04-059]
[17:14:04-069][01-01 00:00:00 ty E][6f44][tuya_wifi_link.c:757] get mac fail:-4
[17:14:04-069]
[17:14:04-092][01-01 00:00:00 ty E][f44][tuya_wifi_netcfg.c:78] wf_wk_mode_set err:-4
[17:14:04-092]
[17:14:04-115][01-01 00:00:00 ty E][f44][tuya_ipc_sdk_init.c:441] gw status changed to [3], but not notify
[17:14:04-116]
[17:14:04-116]
[17:14:04-116]
[17:14:04-145][01-01 00:00:00 ty E][f44][tuya_svc_timer_task.c:1376] read timer_full_key failed
[17:14:04-145]
[17:14:04-145]
[17:14:04-145]
[17:14:04-178][***dev_info_status_event_push***]:1580         ====dev_info_status_event_push=======>>>>arg1:1 arg2:0
[17:14:04-178]
[17:14:04-178]
[17:14:04-178]
[17:14:04-197]
[17:14:04-197]
[17:14:04-225][***dev_info_status_callback***]:2084   ====dev_info_status_callback=======>>>>arg1:1   arg2:0
[17:14:04-225]
[17:14:04-225]
[17:14:04-225]
[17:14:04-242]type:3,code:48,value:0 
[17:14:04-242]
[17:14:04-258]0, 536,389 
[17:14:04-258]
[17:14:04-273]type:3,code:48,value:10 
[17:14:04-273]
[17:14:04-288]1, 280,289 
[17:14:04-288]
[17:14:04-299]audio_play==========0
[17:14:04-299]
[17:14:04-318]type:3,code:48,value:0 
[17:14:04-318]
[17:14:04-332]0, 281,290 
[17:14:04-332]
[17:14:04-346]
[17:14:04-346]
[17:14:04-376][***monitor_video_mode_close***]:2363   ==============monitor_video_mode_close====>>>>
[17:14:04-376]
[17:14:04-376]
[17:14:04-376]
[17:14:04-397]
[17:14:04-397]
[17:14:04-410]stream is close 
[17:14:04-411]
[17:14:04-426]
[17:14:04-426]
[17:14:04-458][***audio_talk_close***]:[486]:22690ms  [AUDIO_DIAG] talk close all=1 audiocast=0 status=0 send_eth=0x0 receive_eth=0x0
[17:14:04-459]
[17:14:04-459]
[17:14:04-459]
[17:14:04-489][***audio_talk_close***]:[499]:22690ms  [TUYA_AUDIO_TRACE] audio_talk_close: close local audio input/decode
[17:14:04-489]
[17:14:04-489]
[17:14:04-489]
[17:14:04-520][***layout_home_enter***]:617   ================================
[17:14:04-520]
[17:14:04-521]backlight_open,44 1
[17:14:04-521]
[17:14:04-533]
[17:14:04-534]
[17:14:04-563][***dev_info_status_callback***]:2084   ====dev_info_status_callback=======>>>>arg1:1   arg2:0
[17:14:04-563]
[17:14:04-563]
[17:14:04-563]
[17:14:04-579]
[17:14:04-579]
[17:14:04-602][***wifi_icon_display***]:1991  icon_offset:0
[17:14:04-602]
[17:14:04-613]
[17:14:04-614]
[17:14:04-629]
[17:14:04-629]
[17:14:04-643]
[17:14:04-643]
[17:14:04-667][***layout_home_enter***]:672   ================================
[17:14:04-668]
[17:14:04-692][UI_PERF] layout switch from=0x4f95bc to=0x4f77d4 prepare=3ms quit=51ms clean=1ms enter=15ms total=70ms
[17:14:04-692]
[17:14:04-692]audio_output_restart !!!!!!!!!!!!!!!!!!!!!!!!!!!!
[17:14:04-692]
[17:14:04-713][      AO][2026-09-01 17:12:34 340] [ak_ao_cancel:1481] enter...
[17:14:04-713]
[17:14:04-745][      AO][2026-09-01 17:12:34 342] [ak_ao_cancel:1488] dev is NULL!
[17:14:04-745]
[17:14:04-745][      AO][2026-09-01 17:12:34 343] [ak_ao_cancel:1501] leave
[17:14:04-745]
[17:14:04-772][      AO][2026-09-01 17:12:34 348] [ak_ao_restart:1696] enter...
[17:14:04-773]
[17:14:04-773][      AO][2026-09-01 17:12:34 349] [ak_ao_restart:1703] dev is NULL!
[17:14:04-773]
[17:14:04-798][      AO][2026-09-01 17:12:34 350] [ak_ao_restart:1724] leave
[17:14:04-798]
[17:14:04-798]
[17:14:04-798]
[17:14:04-829][***network_cmd_receive_task***]:[1165]:23001ms         family[1] device 1 off line ..........
[17:14:04-830]
[17:14:04-830]type:3,code:48,value:10 
[17:14:04-830]
[17:14:04-845]1, 224,171 
[17:14:04-845]
[17:14:04-864]audio_play==========0
[17:14:04-864]
[17:14:04-886]audio_output_open @@  16000  @@  16000  @@  0  @@  1  @@@@@@@@@@@@@@@@@@@@@
[17:14:04-886]
[17:14:04-910]audio_output_devices_open =======================================ch:1    rate:16000
[17:14:04-910]
[17:14:04-910][      AO][2026-09-01 17:12:34 916] [ak_ao_open:614] ao version: libplat_ao V1.10.12
[17:14:04-910]
[17:14:04-928][     VQE][2026-09-01 17:12:34 958] [ak_vqe_inner_open:2006] ak_vqe_inner_open entry...ai_vqe = (nil), ao_vqe = 0xa3fdec
[17:14:04-928]
[17:14:04-943]type:3,code:48,value:0 
[17:14:04-943]
[17:14:04-959]0, 225,172 
[17:14:04-959]
[17:14:04-974]
[17:14:04-974]
[17:14:05-004][***layout_home_quit***]:677    ======LAYOUT_QUIT_FUNC=====>>
[17:14:05-004]
[17:14:05-005]
[17:14:05-005]
[17:14:05-025][    ECHO][2026-09-01 17:12:34 983] ## --AudioFilter Version V1.15.12, Echo--
[17:14:05-025]
[17:14:05-065][    ECHO][2026-09-01 17:12:34 985] ## jitterBuf: 0xa39400
[17:14:05-065]
[17:14:05-066][    ECHO][2026-09-01 17:12:34 995] ## _SD_Echo_Open far_path (0xa393b8)
[17:14:05-066]
[17:14:05-066]
[17:14:05-066]
[17:14:05-094][***dev_info_status_callback***]:2084   ====dev_info_status_callback=======>>>>arg1:1   arg2:0
[17:14:05-094]
[17:14:05-094]
[17:14:05-094]
[17:14:05-111]
[17:14:05-111]
[17:14:06-818][***wifi_icon_disLogin incorrect
[17:14:06-819]anyka login: [      AO][2026-09-01 17:12:37 486] [ak_ao_restart:1696] enter...
[17:14:06-819]
[17:14:06-919]
[17:14:06-943]anyka login: [    ECHO][2026-09-01 17:12:37 917] ## Echo: [    ECHO][2026-09-01 17:12:37 918] set far_Volume param[    ECHO][2026-09-01 17:1
[17:14:06-943][      AO][2026-09-01 17:12:37 930] [ak_ao_set_aslcPassword: 
[17:14:06-962][      AO][2026-09-01 17:12:37 932] [ak_ao_set_gain:792] set gain 3
[17:14:06-962]
[17:14:06-982][    ECHO][2026-09-01 17:12:37 936] ## Echo: [    ECHO][2026-09-01 17:12:37 937] set far_Volume param[    ECHO][2026-09-01 17:12:37 937] 
[17:14:06-983]
[17:14:06-983][      AO][2026-09-01 17:12:37 951] [ak_ao_set_volume:845] leave...
[17:14:06-983]
[17:14:06-996]type:3,code:48,value:0 
[17:14:06-996]
[17:14:07-022]0, 987,531 
[17:14:07-022]
[17:14:07-028]
[17:14:07-028]
[17:14:07-042][***layout_home_enter***]:617   ================================
[17:14:07-042]
[17:14:07-056]backlight_open,44 1
[17:14:07-056]
[17:14:07-091]audio_output_restart !!!!!!!!!!!!!!!!!!!!!!!!!!!!
[17:14:07-091]
[17:14:07-091][      AO][2026-09-01 17:12:38 047] [ak_ao_cancel:1481] enter...
[17:14:07-091]
[17:14:07-108][     VQE][2026-09-01 17:12:38 049] [ak_vqe_inner_clean_ao_buf:3413] osal_vqe_get_dac entry...
[17:14:07-108]
[17:14:07-139][    ECHO][2026-09-01 17:12:38 049] ## _SD_Echo_Reset (0xa393b8)
[17:14:07-140]
[17:14:07-140][    ECHO][2026-09-01 17:12:38 051] ## ASLC OPEN OK ena:1, lookAheadLen:96
[17:14:07-140]
[17:14:07-164][     VQE][2026-09-01 17:12:38 061] [ak_vqe_inner_clean_ao_buf:3433] exit...
[17:14:07-164]
[17:14:07-164]
[17:14:07-164]
[17:14:07-195][***dev_info_status_callback***]:2084   ====dev_info_status_callback=======>>>>arg1:1   arg2:0
[17:14:07-195]
[17:14:07-195]
[17:14:07-195]
[17:14:07-213]
[17:14:07-213]
[17:14:07-229][***wifi_icon_display***]:1991  icon_offset:0
[17:14:07-229]
[17:14:07-243]
[17:14:07-243]
[17:14:07-260]
[17:14:07-260]
[17:14:07-276]
[17:14:07-277]
[17:14:07-297][***layout_home_enter***]:672   ================================
[17:14:07-297]
[17:14:07-324][UI_PERF] layout switch from=0x4f8324 to=0x4f77d4 prepare=4ms quit=0ms clean=0ms enter=45ms total=49ms
[17:14:07-324]
[17:14:07-324][      AO][2026-09-01 17:12:38 127] [ak_ao_cancel:1501] leave
[17:14:07-324]
[17:14:07-351][      AO][2026-09-01 17:12:38 129] [ak_ao_restart:1696] enter...
[17:14:07-351]
[17:14:07-351][      AO][2026-09-01 17:12:38 129] [ak_ao_restart:1724] leave
[17:14:07-351]
[17:14:07-374][DEBUG][__on_status_online:0067]  online: network status MQTT connected
[17:14:07-374]
[17:14:07-398][***dev_info_status_event_push***]:1580         ====dev_info_status_event_push=======>>>>arg1:1 arg2:0
[17:14:07-398]
[17:14:07-398]
[17:14:07-398]
[17:14:07-416]
[17:14:07-417]
[17:14:07-443][***dev_info_status_callback***]:2084   ====dev_info_status_callback=======>>>>arg1:1   arg2:0
[17:14:07-443]
[17:14:07-443]
[17:14:07-443]
[17:14:07-479][09-01 17:12:40 ty E][6f44][tuya_imm_service_log.c:507] read media_log_info fails, ret[-6]
[17:14:07-479]
[17:14:07-479]tuya liteos uv
[17:14:07-479]
[17:14:07-503][09-01 17:12:41 ty E][6f44][tuya_ipc_streamer.c:1640] tstream init start
[17:14:07-503]
[17:14:07-525][09-01 17:12:41 ty E][6f44][tuya_ipc_streamer.c:1712] tstream init done
[17:14:07-525]
[17:14:07-543][09-01 17:12:41 ty E][6f44][tuya_ipc_stream_storage.c:1526] disable aov local storage,stor_format:0,aov_on:0
[17:14:07-543]
[17:14:07-544][09-01 17:12:41 ty E][2904][tuya_ipc_event.c:1074] get type array cnt:130
[17:14:07-544]
[17:14:07-567][09-01 17:12:41 ty E][ee14][tuya_ipc_stream_storage.c:1034] report sd status out:1, 0 -> 1
[17:14:07-567]
[17:14:07-567]
[17:14:07-567]
[17:14:07-583]FAT-fs (mmcblk0p2): Directory bread(block 14690) failed
[17:14:07-583]
[17:14:07-616]FAT-fs (mmcblk0p2): Directory bread(block 14690) failed
[17:14:07-617]
[17:14:07-617]FAT-fs (mmcblk0p2): FAT read failed (blocknr 6)
[17:14:07-617]
[17:14:07-630][09-01 17:12:42 ty E][ee14][uni_fs.c:24] mkdir fail:-1, path:/mnt/tf2/DCIM
[17:14:07-630]
[17:14:07-645]
[17:14:07-645]
[17:14:07-662][***_umount_mnt***]:156         umount -l /mnt/tf2
[17:14:07-662]
[17:14:07-684][09-01 17:12:42 ty E][ee14][tuya_ipc_stream_storage.c:842] init_directory err:-29
[17:14:07-684]
[17:14:07-709][09-01 17:12:42 ty E][ee14][tuya_ipc_stream_storage.c:1050] report sd status 1 -> 2
[17:14:07-709]
[17:14:07-709]
[17:14:07-709]
[17:14:07-741]FAT-fs (mmcblk0p2): Directory bread(block 14690) failed
[17:14:07-741]
[17:14:07-742]FAT-fs (mmcblk0p2): FAT read failed (blocknr 6)
[17:14:07-742]
[17:14:07-758]
[17:14:07-759]
[17:14:07-773][***_umount_mnt***]:156         umount -l /mnt/tf0
[17:14:07-773]
[17:14:07-789]FAT-fs (mmcblk0p2): bread failed in fat_clusters_flush
[17:14:07-789]
[17:14:07-813][09-01 17:12:42 ty E][ee14][uni_fs.c:24] mkdir fail:-1, path:/mnt/tf2/DCIM
[17:14:07-813]
[17:14:07-848][09-01 17:12:42 ty E][ee14][tuya_ipc_stream_storage.c:483] storage not inited
[17:14:07-848]
[17:14:07-848]umount: can't unmount /mnt/tf0: Invalid argument
[17:14:07-848]
[17:14:07-848]
[17:14:07-848]
[17:14:07-864][***_umount_mnt***]:156         umount -l /mnt/tf
[17:14:07-864]
[17:14:07-897][09-01 17:12:43 ty E][ee14][tuya_ipc_stream_storage.c:1034] report sd status out:5, 1 -> 5
[17:14:07-897]
[17:14:07-897]
[17:14:07-897]
[17:14:07-926][09-01 17:12:43 ty E][ee14][tuya_ipc_stream_storage.c:483] storage not inited
[17:14:07-926]
[17:14:07-926][ty_sdk_main, 601]
[17:14:07-926]
[17:14:07-945]_tuya_api_weather_get,198==================>>>>
[17:14:07-945]
[17:14:07-961]
[17:14:07-961]
[17:14:07-976]
[17:14:07-976]
[17:14:07-990]
[17:14:07-990]
[17:14:08-024][***tuya_stream_storage_thread***]:101  ******************************************START
[17:14:08-024]
[17:14:08-024]{
[17:14:08-024]
[17:14:08-036]        "data": {
[17:14:08-036]
[17:14:08-048]                "w.humidity.0": 84,
[17:14:08-048]
[17:14:08-064]                "w.pressure.0": 991,
[17:14:08-064]
[17:14:08-084]                "w.pm10.0":     9,
[17:14:08-084]
[17:14:08-097]                "w.pm25.0":     9,
[17:14:08-097]
[17:14:08-111]                "w.temp.0":     28,
[17:14:08-111]
[17:14:08-128]                "w.conditionNum.0":     "101",
[17:14:08-128]
[17:14:08-145]                "w.thigh.0":    29,
[17:14:08-146]
[17:14:08-160]                "w.tlow.0":     24,
[17:14:08-160]
[17:14:08-175]                "c.city":       "鐝犳捣",
[17:14:08-175]
[17:14:08-190]                "w.humidity":   82,
[17:14:08-190]
[17:14:08-208]                "w.pressure":   991,
[17:14:08-208]
[17:14:08-222]                "w.pm10":       12,
[17:14:08-222]
[17:14:08-239]                "w.pm25":       12,
[17:14:08-239]
[17:14:08-253]                "w.temp":       28,
[17:14:08-253]
[17:14:08-266]                "w.conditionNum":       "142"
[17:14:08-266]
[17:14:08-285]        },
[17:14:08-285]
[17:14:08-299]        "expiration":   30
[17:14:08-299]
[17:14:09-950]}_tuya_Login incorrect
[17:14:10-525]anyka login: 
[17:14:10-525]
[17:14:10-778]anyka login: anyka login: 
[17:14:10-778]
[17:14:12-133]anyka login: anyka login: ROOT
[17:14:12-134]Password: 
[17:14:12-273]
[17:14:12-273]
[17:14:12-410]
[17:14:12-410]
[17:14:14-025]root
[17:14:14-025]
[17:14:14-180]
[17:14:14-180]
[17:14:14-320]
[17:14:14-320]
[17:14:14-426]
[17:14:14-426]
[17:14:15-146]Login incorrect
[17:14:15-551]anyka login: ^C
[17:14:16-269]anyka login: root
[17:14:16-439]Password: 
[17:14:16-466]welcome to file system
[17:14:16-466][root@anyka ~]$ 
[17:14:16-550][root@anyka ~]$ 
[17:14:16-551][root@anyka ~]$ 
[17:14:21-205][root@anyka ~]$ ls /mnt/tf
[17:14:21-206]SAT_ANYKAOS_08280943       msg_record
[17:14:21-206]System Volume Information  music
[17:14:21-217]alarm_record               photo
[17:14:21-218]call_record                picture
[17:14:21-236]motion_record              video
[17:14:21-236][root@anyka ~]$ 
[17:14:23-256][root@anyka ~]$ 
[17:14:23-257][root@anyka ~]$ 
[17:14:23-275][root@anyka ~]$ MODE:3  LINK_TYPE:2 IP_MODE_TYPE:0
[17:14:23-275]-sh: MODE:3: not found
[17:14:23-275][root@anyka ~]$ 
[17:14:23-284][root@anyka ~]$ [01-01 00:00:00 ty I][6f44][tal_thread.c:185] thread_create name
[17:14:23-284]:sys_timer,stackDepth:4096,totalstackDepth:4096,priority:5
[17:14:23-284]-sh: [01-01: not found
[17:14:23-296][root@anyka ~]$ 
[17:14:23-297][root@anyka ~]$ [01-01 00:00:00 ty I][6f44][tal_thread.c:185] thread_create name
[17:14:23-309]:wq_system,stackDepth:6144,totalstackDepth:10240,priority:3
[17:14:23-309]-sh: [01-01: not found
[17:14:23-309][root@anyka ~]$ 
[17:14:23-322][root@anyka ~]$ [01-01 00:00:00 ty I][6f44][tal_thread.c:185] thread_create name
[17:14:23-323]:wq_highpri,stackDepth:5120,totalstackDepth:15360,priority:4
[17:14:23-324]-sh: [01-01: not found
[17:14:23-324][root@anyka ~]$ 
[17:14:23-336][root@anyka ~]$ [01-01 00:00:00 ty I][6f44][tal_thread.c:185] thread_create name
[17:14:23-346]:health_monitor,stackDepth:1536,totalstackDepth:16896,priority:5
[17:14:23-346]-sh: [01-01: not found
[17:14:23-346][root@anyka ~]$ 
[17:14:23-359][root@anyka ~]$ [01-01 00:00:00 ty I][6f44][mqc_app.c:516] mqc app init ...
[17:14:23-359]-sh: [01-01: not found
[17:14:23-360][root@anyka ~]$ 
[17:14:23-376][root@anyka ~]$ [01-01 00:00:00 ty E][6f44][mqc_app.c:119] handler cnt is zero
[17:14:23-376]-sh: [01-01: not found
[17:14:23-376][root@anyka ~]$ 
[17:14:23-412][root@anyka ~]$ [01-01 00:00:00 ty E][6f44][log_seq.c:861] open err
[17:14:23-413]-sh: [01-01: not found
[17:14:23-413][root@anyka ~]$ 
[17:14:23-422][root@anyka ~]$ [01-01 00:00:00 ty I][6f44][kv_storge.c:45] Init Kvs With File:/
[17:14:23-422]app/data/tuya_cache/
[17:14:23-422]-sh: [01-01: not found
[17:14:23-439][root@anyka ~]$ 
[17:14:23-467][root@anyka ~]$ [01-01 00:00:00 ty N][6f44][tuya_tls.c:876] uni_random_init...
[17:14:23-467]-sh: [01-01: not found
[17:14:23-467][root@anyka ~]$ 
[17:14:23-481][root@anyka ~]$ [01-01 00:00:00 ty N][6f44][tuya_tls.c:303] tuya_tls_rand_init o
[17:14:23-481]k!
[17:14:23-481]-sh: [01-01: not found
[17:14:23-481][root@anyka ~]$ 
[17:14:23-512][root@anyka ~]$ [01-01 00:00:00 ty N][6f44][tuya_svc_devos.c:338] gw_cntl->gw_ws
[17:14:23-512]m.stat:2
[17:14:23-538]-sh: can't create gw_wsm.stat:2: Read-only file system
[17:14:23-539]-sh: [01-01: not found
[17:14:23-540][root@anyka ~]$ 
[17:14:23-546][root@anyka ~]$ [01-01 00:00:00 ty E][6f44][tuya_wifi_connect.c:257] ret:-4
[17:14:23-546]-sh: [01-01: not found
[17:14:23-547][root@anyka ~]$ 
[17:14:23-564][root@anyka ~]$ [01-01 00:00:00 ty E][6f44][base_event.c:153] ret:-4
[17:14:23-564]-sh: [01-01: not found
[17:14:23-564][root@anyka ~]$ 
[17:14:23-575][root@anyka ~]$ type:3,code:48,value:10 
[17:14:23-575]-sh: type:3,code:48,value:10: not found
[17:14:23-575][root@anyka ~]$ 
[17:14:23-575][root@anyka ~]$ 1, 535,388 
[17:14:23-603]-sh: 1,: not found
[17:14:23-604][root@anyka ~]$ 
[17:14:23-610][root@anyka ~]$ 
[17:14:23-610][root@anyka ~]$ 
[17:14:23-639][root@anyka ~]$ [***get_outdoor_talk_state***]:[116]:21968ms    [AUDIO_DIAG] doo
[17:14:23-639]r=1 busy raw=0 effective=0 now=21968 hang=0 grace=3000
[17:14:23-659]-sh: [***get_outdoor_talk_state***]:[116]:21968ms: not found
[17:14:23-659][root@anyka ~]$ 
[17:14:23-669][root@anyka ~]$ 
[17:14:23-669][root@anyka ~]$ 
[17:14:23-669][root@anyka ~]$ [***get_outdoor_talk_state***]:[116]:21968ms    [AUDIO_DIAG] doo
[17:14:23-688]r=2 busy raw=0 effective=0 now=21968 hang=0 grace=3000
[17:14:23-688]-sh: [***get_outdoor_talk_state***]:[116]:21968ms: not found
[17:14:23-688][root@anyka ~]$ 
[17:14:23-703][root@anyka ~]$ [01-01 00:00:00 ty E][6f44][tuya_wifi_link.c:757] get mac fail:-
[17:14:23-704]4
[17:14:23-705]-sh: [01-01: not found
[17:14:23-705][root@anyka ~]$ 
[17:14:23-716][root@anyka ~]$ [01-01 00:00:00 ty E][f44][tuya_wifi_netcfg.c:78] wf_wk_mode_set
[17:14:23-716] err:-4
[17:14:23-716]-sh: [01-01: not found
[17:14:23-716][root@anyka ~]$ 
[17:14:23-740][root@anyka ~]$ [01-01 00:00:00 ty E][f44][tuya_ipc_sdk_init.c:441] gw status ch
[17:14:23-741]anged to [3], but not notify
[17:14:23-741]-sh: [01-01: not found
[17:14:23-746][root@anyka ~]$ 
[17:14:23-747][root@anyka ~]$ 
[17:14:23-747][root@anyka ~]$ 
[17:14:23-777][root@anyka ~]$ [01-01 00:00:00 ty E][f44][tuya_svc_timer_task.c:1376] read time
[17:14:23-777]r_full_key failed
[17:14:23-777]-sh: [01-01: not found
[17:14:23-777][root@anyka ~]$ 
[17:14:23-799][root@anyka ~]$ 
[17:14:23-800][root@anyka ~]$ 
[17:14:23-809][root@anyka ~]$ [***dev_info_status_event_push***]:1580         ====dev_info_sta
[17:14:23-809]tus_event_push=======>>>>arg1:1 arg2:0
[17:14:23-826]-sh: syntax error: unexpected redirection
[17:14:23-826][root@anyka ~]$ 
[17:14:23-843][root@anyka ~]$ 
[17:14:23-843][root@anyka ~]$ 
[17:14:23-857][root@anyka ~]$ 
[17:14:23-858][root@anyka ~]$ 
[17:14:23-873][root@anyka ~]$ [***dev_info_status_callback***]:2084   ====dev_info_status_call
[17:14:23-873]back=======>>>>arg1:1   arg2:0
[17:14:23-891]-sh: syntax error: unexpected redirection
[17:14:23-892][root@anyka ~]$ 
[17:14:23-892][root@anyka ~]$ 
[17:14:23-892][root@anyka ~]$ 
[17:14:23-906][root@anyka ~]$ type:3,code:48,value:0 
[17:14:23-906]-sh: type:3,code:48,value:0: not found
[17:14:23-906][root@anyka ~]$ 
[17:14:23-907][root@anyka ~]$ 0, 536,389 
[17:14:23-918]-sh: 0,: not found
[17:14:23-918][root@anyka ~]$ 
[17:14:23-940][root@anyka ~]$ type:3,code:48,value:10 
[17:14:23-941]-sh: type:3,code:48,value:10: not found
[17:14:23-941][root@anyka ~]$ 
[17:14:23-941][root@anyka ~]$ 1, 280,289 
[17:14:23-962]-sh: 1,: not found
[17:14:23-963][root@anyka ~]$ 
[17:14:23-963][root@anyka ~]$ audio_play==========0
[17:14:23-963][root@anyka ~]$ 
[17:14:23-981][root@anyka ~]$ type:3,code:48,value:0 
[17:14:23-981]-sh: type:3,code:48,value:0: not found
[17:14:23-981][root@anyka ~]$ 
[17:14:23-981][root@anyka ~]$ 0, 281,290 
[17:14:23-998]-sh: 0,: not found
[17:14:23-998][root@anyka ~]$ 
[17:14:24-012][root@anyka ~]$ 
[17:14:24-012][root@anyka ~]$ 
[17:14:24-026][root@anyka ~]$ [***monitor_video_mode_close***]:2363   ==============monitor_vi
[17:14:24-026]deo_mode_close====>>>>
[17:14:24-043]-sh: syntax error: unexpected redirection
[17:14:24-043][root@anyka ~]$ 
[17:14:24-043][root@anyka ~]$ 
[17:14:24-043][root@anyka ~]$ 
[17:14:24-057][root@anyka ~]$ 
[17:14:24-057][root@anyka ~]$ 
[17:14:24-085][root@anyka ~]$ stream is close 
[17:14:24-086]-sh: stream: not found
[17:14:24-086][root@anyka ~]$ 
[17:14:24-086][root@anyka ~]$ 
[17:14:24-086][root@anyka ~]$ 
[17:14:24-106][root@anyka ~]$ [***audio_talk_close***]:[486]:22690ms  [AUDIO_DIAG] talk close 
[17:14:24-106]all=1 audiocast=0 status=0 send_eth=0x0 receive_eth=0x0
[17:14:24-120]-sh: [***audio_talk_close***]:[486]:22690ms: not found
[17:14:24-121][root@anyka ~]$ 
[17:14:24-122][root@anyka ~]$ 
[17:14:24-122][root@anyka ~]$ 
[17:14:24-135][root@anyka ~]$ [***audio_talk_close***]:[499]:22690ms  [TUYA_AUDIO_TRACE] audio
[17:14:24-135]_talk_close: close local audio input/decode
[17:14:24-155]-sh: [***audio_talk_close***]:[499]:22690ms: not found
[17:14:24-155][root@anyka ~]$ 
[17:14:24-155][root@anyka ~]$ 
[17:14:24-155][root@anyka ~]$ 
[17:14:24-165][root@anyka ~]$ [***layout_home_enter***]:617   ================================
[17:14:24-165]-sh: [***layout_home_enter***]:617: not found
[17:14:24-165][root@anyka ~]$ 
[17:14:24-198][root@anyka ~]$ backlight_open,44 1
[17:14:24-199]-sh: backlight_open,44: not found
[17:14:24-199][root@anyka ~]$ 
[17:14:24-199][root@anyka ~]$ 
[17:14:24-199][root@anyka ~]$ 
[17:14:24-211][root@anyka ~]$ [***dev_info_status_callback***]:2084   ====dev_info_status_call
[17:14:24-212]back=======>>>>arg1:1   arg2:0
[17:14:24-228]-sh: syntax error: unexpected redirection
[17:14:24-228][root@anyka ~]$ 
[17:14:24-228][root@anyka ~]$ 
[17:14:24-228]
[17:14:24-228][root@anyka ~]$ 
[17:14:24-244][root@anyka ~]$ 
[17:14:24-244][root@anyka ~]$ 
[17:14:24-262][root@anyka ~]$ [***wifi_icon_display***]:1991  icon_offset:0
[17:14:24-262]-sh: [***wifi_icon_display***]:1991: not found
[17:14:24-262][root@anyka ~]$ 
[17:14:24-276][root@anyka ~]$ 
[17:14:24-276][root@anyka ~]$ 
[17:14:24-292][root@anyka ~]$ 
[17:14:24-293][root@anyka ~]$ 
[17:14:24-305][root@anyka ~]$ 
[17:14:24-305][root@anyka ~]$ 
[17:14:24-319][root@anyka ~]$ [***layout_home_enter***]:672   ================================
[17:14:24-319]-sh: [***layout_home_enter***]:672: not found
[17:14:24-340][root@anyka ~]$ 
[17:14:24-341][root@anyka ~]$ [UI_PERF] layout switch from=0x4f95bc to=0x4f77d4 prepare=3ms qu
[17:14:24-341]it=51ms clean=1ms enter=15ms total=70ms
[17:14:24-348]-sh: [UI_PERF]: not found
[17:14:24-349][root@anyka ~]$ 
[17:14:24-349][root@anyka ~]$ audio_output_restart !!!!!!!!!!!!!!!!!!!!!!!!!!!!
[17:14:24-362]-sh: audio_output_restart: not found
[17:14:24-362][root@anyka ~]$ 
[17:14:24-362][root@anyka ~]$ [      AO][2026-09-01 17:12:34 340] [ak_ao_cancel:1481] enter...
[17:14:24-380]sh: missing ]
[17:14:24-380][root@anyka ~]$ 
[17:14:24-380][root@anyka ~]$ [      AO][2026-09-01 17:12:34 342] [ak_ao_cancel:1488] dev is N
[17:14:24-380]ULL!
[17:14:24-393]sh: missing ]
[17:14:24-393][root@anyka ~]$ 
[17:14:24-394][root@anyka ~]$ [      AO][2026-09-01 17:12:34 343] [ak_ao_cancel:1501] leave
[17:14:24-394]sh: missing ]
[17:14:24-413][root@anyka ~]$ 
[17:14:24-414][root@anyka ~]$ [      AO][2026-09-01 17:12:34 348] [ak_ao_restart:1696] enter..
[17:14:24-414].
[17:14:24-414]sh: missing ]
[17:14:24-415][root@anyka ~]$ 
[17:14:24-429][root@anyka ~]$ [      AO][2026-09-01 17:12:34 349] [ak_ao_restart:1703] dev is 
[17:14:24-429]NULL!
[17:14:24-429]sh: missing ]
[17:14:24-429][root@anyka ~]$ 
[17:14:24-445][root@anyka ~]$ [      AO][2026-09-01 17:12:34 350] [ak_ao_restart:1724] leave
[17:14:24-445]sh: missing ]
[17:14:24-445][root@anyka ~]$ 
[17:14:24-445][root@anyka ~]$ 
[17:14:24-462][root@anyka ~]$ 
[17:14:24-479][root@anyka ~]$ [***network_cmd_receive_task***]:[1165]:23001ms         family[1
[17:14:24-479]] device 1 off line ..........
[17:14:24-485]-sh: [***network_cmd_receive_task***]:[1165]:23001ms: not found
[17:14:24-486][root@anyka ~]$ 
[17:14:24-487][root@anyka ~]$ type:3,code:48,value:10 
[17:14:24-507]-sh: type:3,code:48,value:10: not found
[17:14:24-507][root@anyka ~]$ 
[17:14:24-507][root@anyka ~]$ 1, 224,171 
[17:14:24-507]-sh: 1,: not found
[17:14:24-507][root@anyka ~]$ 
[17:14:24-524][root@anyka ~]$ audio_play==========0
[17:14:24-526][root@anyka ~]$ 
[17:14:24-538][root@anyka ~]$ audio_output_open @@  16000  @@  16000  @@  0  @@  1  @@@@@@@@@@
[17:14:24-538]@@@@@@@@@@@
[17:14:24-538]-sh: audio_output_open: not found
[17:14:24-549][root@anyka ~]$ 
[17:14:24-550][root@anyka ~]$ audio_output_devices_open ======================================
[17:14:24-550]=ch:1    rate:16000
[17:14:24-561]-sh: audio_output_devices_open: not found
[17:14:24-561][root@anyka ~]$ 
[17:14:24-561][root@anyka ~]$ [      AO][2026-09-01 17:12:34 916] [ak_ao_open:614] ao version:
[17:14:24-574] libplat_ao V1.10.12
[17:14:24-574]sh: missing ]
[17:14:24-574][root@anyka ~]$ 
[17:14:24-584][root@anyka ~]$ [     VQE][2026-09-01 17:12:34 958] [ak_vqe_inner_open:2006] ak_
[17:14:24-584]vqe_inner_open entry...ai_vqe = (nil), ao_vqe = 0xa3fdec
[17:14:24-584]-sh: syntax error: unexpected "("
[17:14:24-584][root@anyka ~]$ 
[17:14:24-601][root@anyka ~]$ type:3,code:48,value:0 
[17:14:24-601]-sh: type:3,code:48,value:0: not found
[17:14:24-601][root@anyka ~]$ 
[17:14:24-601][root@anyka ~]$ 0, 225,172 
[17:14:24-615]-sh: 0,: not found
[17:14:24-615][root@anyka ~]$ 
[17:14:24-629][root@anyka ~]$ 
[17:14:24-629]
[17:14:24-629][root@anyka ~]$ 
[17:14:24-644][root@anyka ~]$ [***layout_home_quit***]:677    ======LAYOUT_QUIT_FUNC=====>>
[17:14:24-644]-sh: syntax error: unexpected newline
[17:14:24-644][root@anyka ~]$ 
[17:14:24-664][root@anyka ~]$ 
[17:14:24-664][root@anyka ~]$ 
[17:14:24-678][root@anyka ~]$ [    ECHO][2026-09-01 17:12:34 983] ## --AudioFilter Version V1.
[17:14:24-678]15.12, Echo--
[17:14:24-678]sh: missing ]
[17:14:24-679][root@anyka ~]$ 
[17:14:24-696][root@anyka ~]$ [    ECHO][2026-09-01 17:12:34 985] ## jitterBuf: 0xa39400
[17:14:24-696]sh: missing ]
[17:14:24-696][root@anyka ~]$ 
[17:14:24-710][root@anyka ~]$ [    ECHO][2026-09-01 17:12:34 995] ## _SD_Echo_Open far_path (0
[17:14:24-710]xa393b8)
[17:14:24-710]sh: missing ]
[17:14:24-710][root@anyka ~]$ 
[17:14:24-710][root@anyka ~]$ 
[17:14:24-727][root@anyka ~]$ 
[17:14:24-745][root@anyka ~]$ [***dev_info_status_callback***]:2084   ====dev_info_status_call
[17:14:24-745]back=======>>>>arg1:1   arg2:0
[17:14:24-762]-sh: syntax error: unexpected redirection
[17:14:24-763][root@anyka ~]$ 
[17:14:24-763][root@anyka ~]$ 
[17:14:24-764][root@anyka ~]$ 
[17:14:24-774][root@anyka ~]$ 
[17:14:24-774][root@anyka ~]$ 
[17:14:24-788][root@anyka ~]$ [***wifi_icon_display***]:1991  icon_offset:0
[17:14:24-788]-sh: [***wifi_icon_display***]:1991: not found
[17:14:24-788][root@anyka ~]$ 
[17:14:24-805][root@anyka ~]$ 
[17:14:24-805][root@anyka ~]$ 
[17:14:24-822][root@anyka ~]$ 
[17:14:24-823][root@anyka ~]$ 
[17:14:24-835][root@anyka ~]$ [UI_PERF] layout switch from=0x4f77d4 to=0x4f8324 prepare=4ms qu
[17:14:24-836]it=0ms clean=0ms enter=47ms total=51ms
[17:14:24-846]-sh: [UI_PERF]: not found
[17:14:24-846][root@anyka ~]$ 
[17:14:24-846][root@anyka ~]$ [    ECHO][2026-09-01 17:12:35 029] ## Echo: [    ECHO][2026-09-
[17:14:24-858]01 17:12:35 036] load far_Volume[    ECHO][2026-09-01 17:12:35 036] 
[17:14:24-858]sh: missing ]
[17:14:24-858][root@anyka ~]$ 
[17:14:24-869][root@anyka ~]$ [    ECHO][2026-09-01 17:12:35 037] ## ASLC OPEN OK ena:1, lookA
[17:14:24-870]headLen:96
[17:14:24-870]sh: missing ]
[17:14:24-871][root@anyka ~]$ 
[17:14:24-889][root@anyka ~]$ [     VQE][2026-09-01 17:12:35 038] [get_nr_param:1331] nr not o
[17:14:24-890]pen
[17:14:24-890]sh: missing ]
[17:14:24-890][root@anyka ~]$ 
[17:14:24-904][root@anyka ~]$  [     VQE][2026-09-01 17:12:35 081] [ak_vqe_inner_open:2095] ak
[17:14:24-905]_vqe_inner_open exit...
[17:14:24-905]sh: missing ]
[17:14:24-906][root@anyka ~]$ 
[17:14:24-915][root@anyka ~]$ [      AO][2026-09-01 17:12:35 082] [play_pcm_thread:286] thread
[17:14:24-915] id: 670
[17:14:24-915]sh: missing ]
[17:14:24-915][root@anyka ~]$ 
[17:14:24-915][root@anyka ~]$ -----dac set source
[17:14:24-928]-sh: -----dac: not found
[17:14:24-928][root@anyka ~]$ 
[17:14:24-951][root@anyka ~]$ [      AO][2026-09-01 17:12:35 127] [ak_ao_open:645] leaved...
[17:14:24-952]sh: missing ]
[17:14:24-952][root@anyka ~]$ 
[17:14:24-962][root@anyka ~]$ [    ECHO][2026-09-01 17:12:35 128] ## Echo: [    ECHO][2026-09-
[17:14:24-963]01 17:12:35 128] load far_NR[    ECHO][2026-09-01 17:12:35 128]  (enable)
[17:14:24-977]sh: missing ]
[17:14:24-977][root@anyka ~]$ 
[17:14:24-977][root@anyka ~]$ [      AO][2026-09-01 17:12:35 152] [ak_ao_set_nr_attr:1366] lea
[17:14:24-977]ve...
[17:14:24-993]sh: missing ]
[17:14:24-993][root@anyka ~]$ 
[17:14:24-993][root@anyka ~]$ [    ECHO][2026-09-01 17:12:35 153] ## Echo: [    ECHO][2026-09-
[17:14:25-013]01 17:12:35 153] set far_Volume param[    ECHO][2026-09-01 17:12:35 154] 
[17:14:25-014]sh: missing ]
[17:14:25-014][root@anyka ~]$ 
[17:14:25-031][root@anyka ~]$ [      AO][2026-09-01 17:12:35 168] [ak_ao_set_aslc_attr:1293] l
[17:14:25-031]eave...
[17:14:25-031]sh: missing ]
[17:14:25-031][root@anyka ~]$ 
[17:14:25-046][root@anyka ~]$ [      AO][2026-09-01 17:12:35 169] [ak_ao_set_gain:792] set gai
[17:14:25-047]n 3
[17:14:25-047]sh: missing ]
[17:14:25-047][root@anyka ~]$ 
[17:14:25-056][root@anyka ~]$ [    ECHO][2026-09-01 17:12:35 172] ## Echo: [    ECHO][2026-09-
[17:14:25-056]01 17:12:35 173] set far_Volume param[    ECHO][2026-09-01 17:12:35 174] 
[17:14:25-056]sh: missing ]
[17:14:25-072][root@anyka ~]$ 
[17:14:25-073][root@anyka ~]$ [      AO][2026-09-01 17:12:35 186] [ak_ao_set_volume:845] leave
[17:14:25-073]...
[17:14:25-073]sh: missing ]
[17:14:25-086][root@anyka ~]$ 
[17:14:25-087][root@anyka ~]$ pcm_16bit_volume_cover===============>>81 - 0.177828
[17:14:25-087]-sh: can't create 81: Read-only file system
[17:14:25-099]-sh: -: not found
[17:14:25-099][root@anyka ~]$ 
[17:14:25-100][root@anyka ~]$ audio_output_restart !!!!!!!!!!!!!!!!!!!!!!!!!!!!
[17:14:25-114]-sh: audio_output_restart: not found
[17:14:25-114][root@anyka ~]$ 
[17:14:25-114][root@anyka ~]$ [      AO][2026-09-01 17:12:35 283] [ak_ao_cancel:1481] enter...
[17:14:25-114]sh: missing ]
[17:14:25-126][root@anyka ~]$ 
[17:14:25-126][root@anyka ~]$ [     VQE][2026-09-01 17:12:35 284] [ak_vqe_inner_clean_ao_buf:3
[17:14:25-143]413] osal_vqe_get_dac entry...
[17:14:25-143]sh: missing ]
[17:14:25-143][root@anyka ~]$ 
[17:14:25-144][root@anyka ~]$ [    ECHO][2026-09-01 17:12:35 286] ## _SD_Echo_Reset (0xa393b8)
[17:14:25-163]sh: missing ]
[17:14:25-163][root@anyka ~]$ 
[17:14:25-164][root@anyka ~]$ [    ECHO][2026-09-01 17:12:35 287] ## ASLC OPEN OK ena:1, lookA
[17:14:25-164]headLen:96
[17:14:25-175]sh: missing ]
[17:14:25-175][root@anyka ~]$ 
[17:14:25-175][root@anyka ~]$ [     VQE][2026-09-01 17:12:35 290] [ak_vqe_inner_clean_ao_buf:3
[17:14:25-175]433] exit...
[17:14:25-194]sh: missing ]
[17:14:25-194][root@anyka ~]$ 
[17:14:25-194][root@anyka ~]$ [      AO][2026-09-01 17:12:35 340] [ak_ao_cancel:1501] leave
[17:14:25-194]sh: missing ]
[17:14:25-213][root@anyka ~]$ 
[17:14:25-213][root@anyka ~]$ [      AO][2026-09-01 17:12:35 340] [ak_ao_restart:1696] enter..
[17:14:25-214].
[17:14:25-214]sh: missing ]
[17:14:25-214][root@anyka ~]$ 
[17:14:25-228][root@anyka ~]$ [      AO][2026-09-01 17:12:35 341] [ak_ao_restart:1724] leave
[17:14:25-229]sh: missing ]
[17:14:25-229][root@anyka ~]$ 
[17:14:25-244][root@anyka ~]$ type:3,code:48,value:10 
[17:14:25-244]-sh: type:3,code:48,value:10: not found
[17:14:25-244][root@anyka ~]$ 
[17:14:25-244][root@anyka ~]$ 1, 619,381 
[17:14:25-255]-sh: 1,: not found
[17:14:25-255][root@anyka ~]$ 
[17:14:25-267][root@anyka ~]$ audio_play==========0
[17:14:25-267][root@anyka ~]$ 
[17:14:25-290][root@anyka ~]$ audio_output_open @@  16000  @@  16000  @@  1  @@  1  @@@@@@@@@@
[17:14:25-290]@@@@@@@@@@@
[17:14:25-290]-sh: audio_output_open: not found
[17:14:25-302][root@anyka ~]$ 
[17:14:25-302][root@anyka ~]$ [    ECHO][2026-09-01 17:12:35 525] ## Echo: [    ECHO][2026-09-
[17:14:25-314]01 17:12:35 526] set far_NR param[    ECHO][2026-09-01 17:12:35 526]  (enable)
[17:14:25-314]sh: missing ]
[17:14:25-314][root@anyka ~]$ 
[17:14:25-325][root@anyka ~]$ [      AO][2026-09-01 17:12:35 554] [ak_ao_set_nr_attr:1366] lea
[17:14:25-326]ve...
[17:14:25-326]sh: missing ]
[17:14:25-327][root@anyka ~]$ 
[17:14:25-334][root@anyka ~]$ [    ECHO][2026-09-01 17:12:35 561] ## Echo: [    ECHO][2026-09-
[17:14:25-334]01 17:12:35 564] set far_Volume param[    ECHO][2026-09-01 17:12:35 565] 
[17:14:25-334]sh: missing ]
[17:14:25-352][root@anyka ~]$ 
[17:14:25-353][root@anyka ~]$ type:3,code:48,value:0 
[17:14:25-353]-sh: type:3,code:48,value:0: not found
[17:14:25-353][root@anyka ~]$ 
[17:14:25-363][root@anyka ~]$ 0, 620,382 
[17:14:25-363]-sh: 0,: not found
[17:14:25-364][root@anyka ~]$ 
[17:14:25-378][root@anyka ~]$ 
[17:14:25-378][root@anyka ~]$ 
[17:14:25-393][root@anyka ~]$ [***layout_setting_info_enter***]:413   ========================
[17:14:25-393]========
[17:14:25-412]-sh: [***layout_setting_info_enter***]:413: not found
[17:14:25-412][root@anyka ~]$ 
[17:14:25-412][root@anyka ~]$ 
[17:14:25-412][root@anyka ~]$ 
[17:14:25-428][root@anyka ~]$ [***setting_bg_display***]:32 
[17:14:25-428]-sh: [***setting_bg_display***]:32: not found
[17:14:25-428][root@anyka ~]$ 
[17:14:25-428][root@anyka ~]$ 
[17:14:25-444][root@anyka ~]$ 
[17:14:25-458][root@anyka ~]$ 
[17:14:25-459][root@anyka ~]$ 
[17:14:25-469][root@anyka ~]$ 
[17:14:25-470][root@anyka ~]$ 
[17:14:25-489][root@anyka ~]$ [      AO][2026-09-01 17:12:35 599] [ak_ao_set_aslc_attr:1293] l
[17:14:25-490]eave...
[17:14:25-490]sh: missing ]
[17:14:25-490][root@anyka ~]$ 
[17:14:25-508][root@anyka ~]$ [      AO][2026-09-01 17:12:35 600] [ak_ao_set_gain:792] set gai
[17:14:25-508]n 3
[17:14:25-508]sh: missing ]
[17:14:25-508][root@anyka ~]$ 
[17:14:25-516][root@anyka ~]$ [    ECHO][2026-09-01 17:12:35 611] ## Echo: [    ECHO][2026-09-
[17:14:25-527]01 17:12:35 616] set far_Volume param[    ECHO][2026-09-01 17:12:35 617] 
[17:14:25-528]sh: missing ]
[17:14:25-528][root@anyka ~]$ 
[17:14:25-531][root@anyka ~]$ MTD涓暟:11
[17:14:25-531]-sh: MTD涓暟:11: not found
[17:14:25-531][root@anyka ~]$ 
[17:14:25-550][root@anyka ~]$ [      AO][2026-09-01 17:12:35 644] [ak_ao_set_volume:845] leave
[17:14:25-550]...
[17:14:25-551]sh: missing ]
[17:14:25-551][root@anyka ~]$ 
[17:14:25-551][root@anyka ~]$ 
[17:14:25-565][root@anyka ~]$ 
[17:14:25-576][root@anyka ~]$ [***get_curr_relesse_date***]:186       Release Date : 2026-9-1
[17:14:25-577]-sh: [***get_curr_relesse_date***]:186: not found
[17:14:25-594][root@anyka ~]$ 
[17:14:25-594][root@anyka ~]$ [UI_PERF] layout switch from=0x4f8324 to=0x4f893c prepare=13ms q
[17:14:25-606]uit=0ms clean=0ms enter=83ms total=96ms
[17:14:25-609]-sh: [UI_PERF]: not found
[17:14:25-609][root@anyka ~]$ 
[17:14:25-610][root@anyka ~]$ audio_output_restart !!!!!!!!!!!!!!!!!!!!!!!!!!!!
[17:14:25-628]-sh: audio_output_restart: not found
[17:14:25-629][root@anyka ~]$ 
[17:14:25-629][root@anyka ~]$ [      AO][2026-09-01 17:12:35 758] [ak_ao_cancel:1481] enter...
[17:14:25-642]sh: missing ]
[17:14:25-642][root@anyka ~]$ 
[17:14:25-642][root@anyka ~]$ [     VQE][2026-09-01 17:12:35 758] [ak_vqe_inner_clean_ao_buf:3
[17:14:25-660]413] osal_vqe_get_dac entry...
[17:14:25-660]sh: missing ]
[17:14:25-660][root@anyka ~]$ 
[17:14:25-666][root@anyka ~]$ [    ECHO][2026-09-01 17:12:35 759] ## _SD_Echo_Reset (0xa393b8)
[17:14:25-666]sh: missing ]
[17:14:25-666][root@anyka ~]$ 
[17:14:25-666][root@anyka ~]$ [    ECHO][2026-09-01 17:12:35 760] ## ASLC OPEN OK ena:1, lookA
[17:14:25-682]headLen:96
[17:14:25-684]sh: missing ]
[17:14:25-684][root@anyka ~]$ 
[17:14:25-685][root@anyka ~]$ [     VQE][2026-09-01 17:12:35 760] [ak_vqe_inner_clean_ao_buf:3
[17:14:25-707]433] exit...
[17:14:25-707]sh: missing ]
[17:14:25-707][root@anyka ~]$ 
[17:14:25-708][root@anyka ~]$ [      AO][2026-09-01 17:12:35 821] [ak_ao_cancel:1501] leave
[17:14:25-715]sh: missing ]
[17:14:25-716][root@anyka ~]$ 
[17:14:25-716][root@anyka ~]$ [      AO][2026-09-01 17:12:35 821] [ak_ao_restart:1696] enter..
[17:14:25-716].
[17:14:25-716]sh: missing ]
[17:14:25-732][root@anyka ~]$ 
[17:14:25-732][root@anyka ~]$ [      AO][2026-09-01 17:12:35 822] [ak_ao_restart:1724] leave
[17:14:25-732]sh: missing ]
[17:14:25-732][root@anyka ~]$ 
[17:14:25-756][root@anyka ~]$ type:3,code:48,value:10 
[17:14:25-757]-sh: type:3,code:48,value:10: not found
[17:14:25-757][root@anyka ~]$ 
[17:14:25-777][root@anyka ~]$ 1, 952,530 
[17:14:25-778]-sh: 1,: not found
[17:14:25-778][root@anyka ~]$ 
[17:14:25-778][root@anyka ~]$ audio_play==========0
[17:14:25-778][root@anyka ~]$ 
[17:14:25-809][root@anyka ~]$ audio_output_open @@  16000  @@  16000  @@  1  @@  1  @@@@@@@@@@
[17:14:25-809]@@@@@@@@@@@
[17:14:25-809]-sh: audio_output_open: not found
[17:14:25-828][root@anyka ~]$ 
[17:14:25-841][root@anyka ~]$ [    ECHO][2026-09-01 17:12:37 266] ## Echo: [    ECHO][2026-09-
[17:14:25-859]01 17:12:37 268] set far_NR param[    ECHO][2026-09-01 17:12:37 269]  (enable)
[17:14:25-859]sh: missing ]
[17:14:25-859][root@anyka ~]$ 
[17:14:25-894][root@anyka ~]$ [      AO][2026-09-01 17:12:37 291] [ak_ao_set_nr_attr:1366] lea
[17:14:25-894]ve...
[17:14:25-894]sh: missing ]
[17:14:25-894][root@anyka ~]$ 
[17:14:25-906][root@anyka ~]$ [    ECHO][2026-09-01 17:12:37 292] ## Echo: [    ECHO][2026-09-
[17:14:25-925]01 17:12:37 293] set far_Volume param[    ECHO][2026-09-01 17:12:37 293] 
[17:14:25-925]sh: missing ]
[17:14:25-925][root@anyka ~]$ 
[17:14:25-955][root@anyka ~]$ [      AO][2026-09-01 17:12:37 307] [ak_ao_set_aslc_attr:1293] l
[17:14:25-955]eave...
[17:14:25-955]sh: missing ]
[17:14:25-955][root@anyka ~]$ 
[17:14:25-981][root@anyka ~]$ [      AO][2026-09-01 17:12:37 308] [ak_ao_set_gain:792] set gai
[17:14:25-982]n 3
[17:14:25-982]sh: missing ]
[17:14:25-982][root@anyka ~]$ 
[17:14:25-999][root@anyka ~]$ [    ECHO][2026-09-01 17:12:37 312] ## Echo: [    ECHO][2026-09-
[17:14:26-009]01 17:12:37 312] set far_Volume param[    ECHO][2026-09-01 17:12:37 313] 
[17:14:26-011]sh: missing ]
[17:14:26-011][root@anyka ~]$ 
[17:14:26-028][root@anyka ~]$ [      AO][2026-09-01 17:12:37 326] [ak_ao_set_volume:845] leave
[17:14:26-029]...
[17:14:26-029]sh: missing ]
[17:14:26-029][root@anyka ~]$ 
[17:14:26-029][root@anyka ~]$ type:3,code:48,value:0 
[17:14:26-029]-sh: type:3,code:48,value:0: not found
[17:14:26-047][root@anyka ~]$ 
[17:14:26-079][root@anyka ~]$ 0, 953,531 
[17:14:26-079]-sh: 0,: not found
[17:14:26-079][root@anyka ~]$ 
[17:14:26-092][root@anyka ~]$ 
[17:14:26-092][root@anyka ~]$ 
[17:14:26-125][root@anyka ~]$ [***layout_setting_info_quit***]:420    ========================
[17:14:26-125]========
[17:14:26-135]-sh: [***layout_setting_info_quit***]:420: not found
[17:14:26-135][root@anyka ~]$ 
[17:14:26-135][root@anyka ~]$ 
[17:14:26-135][root@anyka ~]$ 
[17:14:26-158][root@anyka ~]$ [***dev_info_status_callback***]:2084   ====dev_info_status_call
[17:14:26-158]back=======>>>>arg1:1   arg2:0
[17:14:26-158]-sh: syntax error: unexpected redirection
[17:14:26-158][root@anyka ~]$ 
[17:14:26-169][root@anyka ~]$ 
[17:14:26-169][root@anyka ~]$ 
[17:14:26-170][root@anyka ~]$ 
[17:14:26-170][root@anyka ~]$ 
[17:14:26-201][root@anyka ~]$ [***wifi_icon_display***]:1991  icon_offset:0
[17:14:26-201]-sh: [***wifi_icon_display***]:1991: not found
[17:14:26-201][root@anyka ~]$ 
[17:14:26-216][root@anyka ~]$ 
[17:14:26-217][root@anyka ~]$ 
[17:14:26-233][root@anyka ~]$ 
[17:14:26-233][root@anyka ~]$ 
[17:14:26-246][root@anyka ~]$ [UI_PERF] layout switch from=0x4f893c to=0x4f8324 prepare=4ms qu
[17:14:26-246]it=0ms clean=1ms enter=13ms total=18ms
[17:14:26-259]-sh: [UI_PERF]: not found
[17:14:26-259][root@anyka ~]$ 
[17:14:26-260][root@anyka ~]$ audio_output_restart !!!!!!!!!!!!!!!!!!!!!!!!!!!!
[17:14:26-276]-sh: audio_output_restart: not found
[17:14:26-276][root@anyka ~]$ 
[17:14:26-276][root@anyka ~]$ [      AO][2026-09-01 17:12:37 428] [ak_ao_cancel:1481] enter...
[17:14:26-278]sh: missing ]
[17:14:26-295][root@anyka ~]$ 
[17:14:26-295][root@anyka ~]$ [     VQE][2026-09-01 17:12:37 428] [ak_vqe_inner_clean_ao_buf:3
[17:14:26-296]413] osal_vqe_get_dac entry...
[17:14:26-310]sh: missing ]
[17:14:26-310][root@anyka ~]$ 
[17:14:26-328][root@anyka ~]$ [    ECHO][2026-09-01 17:12:37 429] ## _SD_Echo_Reset (0xa393b8)
[17:14:26-328]sh: missing ]
[17:14:26-328][root@anyka ~]$ 
[17:14:26-345][root@anyka ~]$ [    ECHO][2026-09-01 17:12:37 430] ## ASLC OPEN OK ena:1, lookA
[17:14:26-345]headLen:96
[17:14:26-345]sh: missing ]
[17:14:26-345][root@anyka ~]$ 
[17:14:26-360][root@anyka ~]$ [     VQE][2026-09-01 17:12:37 430] [ak_vqe_inner_clean_ao_buf:3
[17:14:26-362]433] exit...
[17:14:26-362]sh: missing ]
[17:14:26-363][root@anyka ~]$ 
[17:14:26-374][root@anyka ~]$ [      AO][2026-09-01 17:12:37 486] [ak_ao_cancel:1501] leave
[17:14:26-374]sh: missing ]
[17:14:26-374][root@anyka ~]$ 
[17:14:26-389][root@anyka ~]$ [      AO][2026-09-01 17:12:37 486] [ak_ao_restart:1696] enter..
[17:14:26-389].
[17:14:26-389]sh: missing ]
[17:14:26-389][root@anyka ~]$ 
[17:14:26-406][root@anyka ~]$ [      AO][2026-09-01 17:12:37 487] [ak_ao_restart:1724] leave
[17:14:26-406]sh: missing ]
[17:14:26-406][root@anyka ~]$ 
[17:14:26-425][root@anyka ~]$ type:3,code:48,value:10 
[17:14:26-425]-sh: type:3,code:48,value:10: not found
[17:14:26-425][root@anyka ~]$ 
[17:14:26-426][root@anyka ~]$ 1, 986,530 
[17:14:26-426]-sh: 1,: not found
[17:14:26-435][root@anyka ~]$ 
[17:14:26-448][root@anyka ~]$ audio_play==========0
[17:14:26-448][root@anyka ~]$ 
[17:14:26-461][root@anyka ~]$ audio_output_open @@  16000  @@  16000  @@  1  @@  1  @@@@@@@@@@
[17:14:26-461]@@@@@@@@@@@
[17:14:26-461]-sh: audio_output_open: not found
[17:14:26-474][root@anyka ~]$ 
[17:14:26-474][root@anyka ~]$ [    ECHO][2026-09-01 17:12:37 900] ## Echo: [    ECHO][2026-09-
[17:14:26-484]01 17:12:37 901] set far_NR param[    ECHO][2026-09-01 17:12:37 902]  (enable)
[17:14:26-484]sh: missing ]
[17:14:26-484][root@anyka ~]$ 
[17:14:26-502][root@anyka ~]$ [      AO][2026-09-01 17:12:37 917] [ak_ao_set_nr_attr:1366] lea
[17:14:26-503]ve...
[17:14:26-503]sh: missing ]
[17:14:26-503][root@anyka ~]$ 
[17:14:26-513][root@anyka ~]$ [    ECHO][2026-09-01 17:12:37 917] ## Echo: [    ECHO][2026-09-
[17:14:26-513]01 17:12:37 918] set far_Volume param[    ECHO][2026-09-01 17:12:37 919] 
[17:14:26-513]sh: missing ]
[17:14:26-526][root@anyka ~]$ 
[17:14:26-526][root@anyka ~]$ [      AO][2026-09-01 17:12:37 930] [ak_ao_set_aslc_attr:1293] l
[17:14:26-526]eave...
[17:14:26-526]sh: missing ]
[17:14:26-526][root@anyka ~]$ 
[17:14:26-542][root@anyka ~]$ [      AO][2026-09-01 17:12:37 932] [ak_ao_set_gain:792] set gai
[17:14:26-542]n 3
[17:14:26-542]sh: missing ]
[17:14:26-542][root@anyka ~]$ 
[17:14:26-561][root@anyka ~]$ [    ECHO][2026-09-01 17:12:37 936] ## Echo: [    ECHO][2026-09-
[17:14:26-567]01 17:12:37 937] set far_Volume param[    ECHO][2026-09-01 17:12:37 937] 
[17:14:26-568]sh: missing ]
[17:14:26-568][root@anyka ~]$ 
[17:14:26-581][root@anyka ~]$ [      AO][2026-09-01 17:12:37 951] [ak_ao_set_volume:845] leave
[17:14:26-583]...
[17:14:26-584]sh: missing ]
[17:14:26-584][root@anyka ~]$ 
[17:14:26-585][root@anyka ~]$ type:3,code:48,value:0 
[17:14:26-605]-sh: type:3,code:48,value:0: not found
[17:14:26-605][root@anyka ~]$ 
[17:14:26-605][root@anyka ~]$ 0, 987,531 
[17:14:26-605]-sh: 0,: not found
[17:14:26-605][root@anyka ~]$ 
[17:14:26-605][root@anyka ~]$ 
[17:14:26-605]
[17:14:26-605][root@anyka ~]$ 
[17:14:26-634][root@anyka ~]$ [***layout_home_enter***]:617   ================================
[17:14:26-635]-sh: [***layout_home_enter***]:617: not found
[17:14:26-652][root@anyka ~]$ 
[17:14:26-653][root@anyka ~]$ backlight_open,44 1
[17:14:26-653]-sh: backlight_open,44: not found
[17:14:26-653][root@anyka ~]$ 
[17:14:26-667][root@anyka ~]$ audio_output_restart !!!!!!!!!!!!!!!!!!!!!!!!!!!!
[17:14:26-667]-sh: audio_output_restart: not found
[17:14:26-667][root@anyka ~]$ 
[17:14:26-689][root@anyka ~]$ [      AO][2026-09-01 17:12:38 047] [ak_ao_cancel:1481] enter...
[17:14:26-689]sh: missing ]
[17:14:26-690][root@anyka ~]$ 
[17:14:26-704][root@anyka ~]$ [     VQE][2026-09-01 17:12:38 049] [ak_vqe_inner_clean_ao_buf:3
[17:14:26-706]413] osal_vqe_get_dac entry...
[17:14:26-706]sh: missing ]
[17:14:26-707][root@anyka ~]$ 
[17:14:26-724][root@anyka ~]$ [    ECHO][2026-09-01 17:12:38 049] ## _SD_Echo_Reset (0xa393b8)
[17:14:26-726]sh: missing ]
[17:14:26-726][root@anyka ~]$ 
[17:14:26-735][root@anyka ~]$ [    ECHO][2026-09-01 17:12:38 051] ## ASLC OPEN OK ena:1, lookA
[17:14:26-735]headLen:96
[17:14:26-735]sh: missing ]
[17:14:26-735][root@anyka ~]$ 
[17:14:26-747][root@anyka ~]$ [     VQE][2026-09-01 17:12:38 061] [ak_vqe_inner_clean_ao_buf:3
[17:14:26-747]433] exit...
[17:14:26-747]sh: missing ]
[17:14:26-747][root@anyka ~]$ 
[17:14:26-747][root@anyka ~]$ 
[17:14:26-747][root@anyka ~]$ 
[17:14:26-775][root@anyka ~]$ [***dev_info_status_callback***]:2084   ====dev_info_status_call
[17:14:26-776]back=======>>>>arg1:1   arg2:0
[17:14:26-794]-sh: syntax error: unexpected redirection
[17:14:26-794][root@anyka ~]$ 
[17:14:26-794][root@anyka ~]$ 
[17:14:26-794][root@anyka ~]$ 
[17:14:26-806][root@anyka ~]$ 
[17:14:26-806][root@anyka ~]$ 
[17:14:26-820][root@anyka ~]$ [***wifi_icon_display***]:1991  icon_offset:0
[17:14:26-823]-sh: [***wifi_icon_display***]:1991: not found
[17:14:26-824][root@anyka ~]$ 
[17:14:26-835][root@anyka ~]$ 
[17:14:26-835][root@anyka ~]$ 
[17:14:26-849][root@anyka ~]$ 
[17:14:26-849][root@anyka ~]$ 
[17:14:26-865][root@anyka ~]$ 
[17:14:26-865][root@anyka ~]$ 
[17:14:26-882][root@anyka ~]$ [***layout_home_enter***]:672   ================================
[17:14:26-883]-sh: [***layout_home_enter***]:672: not found
[17:14:26-898][root@anyka ~]$ 
[17:14:26-899][root@anyka ~]$ [UI_PERF] layout switch from=0x4f8324 to=0x4f77d4 prepare=4ms qu
[17:14:26-899]it=0ms clean=0ms enter=45ms total=49ms
[17:14:26-909]-sh: [UI_PERF]: not found
[17:14:26-910][root@anyka ~]$ 
[17:14:26-910][root@anyka ~]$ [      AO][2026-09-01 17:12:38 127] [ak_ao_cancel:1501] leave
[17:14:26-927]sh: missing ]
[17:14:26-927][root@anyka ~]$ 
[17:14:26-927][root@anyka ~]$ [      AO][2026-09-01 17:12:38 129] [ak_ao_restart:1696] enter..
[17:14:26-927].
[17:14:26-944]sh: missing ]
[17:14:26-944][root@anyka ~]$ 
[17:14:26-944][root@anyka ~]$ [      AO][2026-09-01 17:12:38 129] [ak_ao_restart:1724] leave
[17:14:26-944]sh: missing ]
[17:14:26-961][root@anyka ~]$ 
[17:14:26-961][root@anyka ~]$ [DEBUG][__on_status_online:0067]  online: network status MQTT co
[17:14:26-962]nnected
[17:14:26-970]-sh: [DEBUG][__on_status_online:0067]: not found
[17:14:26-971][root@anyka ~]$ 
[17:14:26-972][root@anyka ~]$ [***dev_info_status_event_push***]:1580         ====dev_info_sta
[17:14:26-980]tus_event_push=======>>>>arg1:1 arg2:0
[17:14:26-980]-sh: syntax error: unexpected redirection
[17:14:26-980][root@anyka ~]$ 
[17:14:26-980][root@anyka ~]$ 
[17:14:26-980][root@anyka ~]$ 
[17:14:27-007][root@anyka ~]$ 
[17:14:27-008][root@anyka ~]$ 
[17:14:27-020][root@anyka ~]$ [***dev_info_status_callback***]:2084   ====dev_info_status_call
[17:14:27-020]back=======>>>>arg1:1   arg2:0
[17:14:27-039]-sh: syntax error: unexpected redirection
[17:14:27-039][root@anyka ~]$ 
[17:14:27-039][root@anyka ~]$ 
[17:14:27-039][root@anyka ~]$ 
[17:14:27-055][root@anyka ~]$ [09-01 17:12:40 ty E][6f44][tuya_imm_service_log.c:507] read med
[17:14:27-055]ia_log_info fails, ret[-6]
[17:14:27-055]-sh: [09-01: not found
[17:14:27-075][root@anyka ~]$ 
[17:14:27-075][root@anyka ~]$ tuya liteos uv
[17:14:27-075]-sh: tuya: not found
[17:14:27-075][root@anyka ~]$ 
[17:14:27-092][root@anyka ~]$ [09-01 17:12:41 ty E][6f44][tuya_ipc_streamer.c:1640] tstream in
[17:14:27-092]it start
[17:14:27-092]-sh: [09-01: not found
[17:14:27-092][root@anyka ~]$ 
[17:14:27-108][root@anyka ~]$ [09-01 17:12:41 ty E][6f44][tuya_ipc_streamer.c:1712] tstream in
[17:14:27-108]it done
[17:14:27-109]-sh: [09-01: not found
[17:14:27-109][root@anyka ~]$ 
[17:14:27-117][root@anyka ~]$ [09-01 17:12:41 ty E][6f44][tuya_ipc_stream_storage.c:1526] disa
[17:14:27-117]ble aov local storage,stor_format:0,aov_on:0
[17:14:27-117]-sh: [09-01: not found
[17:14:27-132][root@anyka ~]$ 
[17:14:27-132][root@anyka ~]$ [09-01 17:12:41 ty E][2904][tuya_ipc_event.c:1074] get type arra
[17:14:27-132]y cnt:130
[17:14:27-132]-sh: [09-01: not found
[17:14:27-141][root@anyka ~]$ 
[17:14:27-142][root@anyka ~]$ [09-01 17:12:41 ty E][ee14][tuya_ipc_stream_storage.c:1034] repo
[17:14:27-142]rt sd status out:1, 0 -> 1
[17:14:27-152]-sh: can't create 1: Read-only file system
[17:14:27-153]-sh: [09-01: not found
[17:14:27-153][root@anyka ~]$ 
[17:14:27-153][root@anyka ~]$ 
[17:14:27-153][root@anyka ~]$ 
[17:14:27-178][root@anyka ~]$ FAT-fs (mmcblk0p2): Directory bread(block 14690) failed
[17:14:27-178]-sh: syntax error: unexpected word (expecting ")")
[17:14:27-191]-sh: syntax error: unexpected ")"
[17:14:27-191][root@anyka ~]$ 
[17:14:27-191][root@anyka ~]$ FAT-fs (mmcblk0p2): Directory bread(block 14690) failed
[17:14:27-202]-sh: syntax error: unexpected word (expecting ")")
[17:14:27-203]-sh: syntax error: unexpected ")"
[17:14:27-206][root@anyka ~]$ 
[17:14:27-212][root@anyka ~]$ FAT-fs (mmcblk0p2): FAT read failed (blocknr 6)
[17:14:27-213]-sh: syntax error: unexpected word (expecting ")")
[17:14:27-213]-sh: syntax error: unexpected ")"
[17:14:27-213][root@anyka ~]$ 
[17:14:27-225][root@anyka ~]$ [09-01 17:12:42 ty E][ee14][uni_fs.c:24] mkdir fail:-1, path:/mn
[17:14:27-225]t/tf2/DCIM
[17:14:27-225]-sh: [09-01: not found
[17:14:27-241][root@anyka ~]$ 
[17:14:27-241][root@anyka ~]$ 
[17:14:27-241][root@anyka ~]$ 
[17:14:27-259][root@anyka ~]$ [***_umount_mnt***]:156         umount -l /mnt/tf2
[17:14:27-259]-sh: [***_umount_mnt***]:156: not found
[17:14:27-259][root@anyka ~]$ 
[17:14:27-273][root@anyka ~]$ [09-01 17:12:42 ty E][ee14][tuya_ipc_stream_storage.c:842] init_
[17:14:27-273]directory err:-29
[17:14:27-273]-sh: [09-01: not found
[17:14:27-273][root@anyka ~]$ 
[17:14:27-289][root@anyka ~]$ [09-01 17:12:42 ty E][ee14][tuya_ipc_stream_storage.c:1050] repo
[17:14:27-289]rt sd status 1 -> 2
[17:14:27-306]-sh: can't create 2: Read-only file system
[17:14:27-307]-sh: [09-01: not found
[17:14:27-307][root@anyka ~]$ 
[17:14:27-307][root@anyka ~]$ 
[17:14:27-310][root@anyka ~]$ 
[17:14:27-317][root@anyka ~]$ FAT-fs (mmcblk0p2): Directory bread(block 14690) failed
[17:14:27-318]-sh: syntax error: unexpected word (expecting ")")
[17:14:27-326]-sh: syntax error: unexpected ")"
[17:14:27-326][root@anyka ~]$ 
[17:14:27-326][root@anyka ~]$ FAT-fs (mmcblk0p2): FAT read failed (blocknr 6)
[17:14:27-339]-sh: syntax error: unexpected word (expecting ")")
[17:14:27-339]-sh: syntax error: unexpected ")"
[17:14:27-339][root@anyka ~]$ 
[17:14:27-339][root@anyka ~]$ 
[17:14:27-339][root@anyka ~]$ 
[17:14:27-368][root@anyka ~]$ [***_umount_mnt***]:156         umount -l /mnt/tf0
[17:14:27-368]-sh: [***_umount_mnt***]:156: not found
[17:14:27-368][root@anyka ~]$ 
[17:14:27-380][root@anyka ~]$ FAT-fs (mmcblk0p2): bread failed in fat_clusters_flush
[17:14:27-380]-sh: syntax error: unexpected word (expecting ")")
[17:14:27-394]-sh: syntax error: unexpected ")"
[17:14:27-394][root@anyka ~]$ 
[17:14:27-394][root@anyka ~]$ [09-01 17:12:42 ty E][ee14][uni_fs.c:24] mkdir fail:-1, path:/mn
[17:14:27-394]t/tf2/DCIM
[17:14:27-410]-sh: [09-01: not found
[17:14:27-410][root@anyka ~]$ 
[17:14:27-410][root@anyka ~]$ [09-01 17:12:42 ty E][ee14][tuya_ipc_stream_storage.c:483] stora
[17:14:27-429]ge not inited
[17:14:27-429]-sh: [09-01: not found
[17:14:27-429][root@anyka ~]$ 
[17:14:27-429][root@anyka ~]$ umount: can't unmount /mnt/tf0: Invalid argument
[17:14:27-429]> 
[17:14:27-429]> 
[17:14:27-444]> 
[17:14:27-460]> [***_umount_mnt***]:156         umount -l /mnt/tf
[17:14:27-461]> 
[17:14:27-490]> [09-01 17:12:43 ty E][ee14][tuya_ipc_stream_storage.c:1034] report sd status o
[17:14:27-490]ut:5, 1 -> 5
[17:14:27-490]> 
[17:14:27-490]> 
[17:14:27-491]> 
[17:14:27-522]> [09-01 17:12:43 ty E][ee14][tuya_ipc_stream_storage.c:483] storage not inited
[17:14:27-523]> 
[17:14:27-523]> [ty_sdk_main, 601]
[17:14:27-523]> 
[17:14:27-532]> _tuya_api_weather_get,198==================>>>>
[17:14:27-533]> 
[17:14:27-549]> 
[17:14:27-549]> 
[17:14:27-567]> 
[17:14:27-567]> 
[17:14:27-583]> 
[17:14:27-583]> 
[17:14:27-612]> [***tuya_stream_storage_thread***]:101  **************************************
[17:14:27-612]****START
[17:14:27-612]> 
[17:14:27-612]> {
[17:14:27-612]> 
[17:14:27-639]>         "data": {
[17:14:27-640]> 
[17:14:27-647]>                 "w.humidity.0": 84,
[17:14:27-647]> 
[17:14:27-660]>                 "w.pressure.0": 991,
[17:14:27-661]> 
[17:14:27-676]>                 "w.pm10.0":     9,
[17:14:27-676]> 
[17:14:27-693]>                 "w.pm25.0":     9,
[17:14:27-695]> 
[17:14:27-725]>                 "w.temp.0":     28,
[17:14:27-726]> 
[17:14:27-727]>                 "w.conditionNum.0":     "101",
[17:14:27-727]> 
[17:14:27-741]>                 "w.thigh.0":    29,
[17:14:27-742]> 
[17:14:27-752]>                 "w.tlow.0":     24,
[17:14:27-752]> 
[17:14:27-770]>                 "c.city":       "鐝犳捣",
[17:14:27-771]> 
[17:14:27-786]>                 "w.humidity":   82,
[17:14:27-786]> 
[17:14:27-798]>                 "w.pressure":   991,
[17:14:27-798]> 
[17:14:27-814]>                 "w.pm10":       12,
[17:14:27-815]> 
[17:14:27-834]>                 "w.pm25":       12,
[17:14:27-834]> 
[17:14:27-845]>                 "w.temp":       28,
[17:14:27-846]> 
[17:14:27-860]>                 "w.conditionNum":       "142"
[17:14:27-860]> 
[17:14:27-877]>         },
[17:14:27-877]> 
[17:14:27-893]>         "expiration":   30
[17:14:27-893]> 
[17:14:27-925]> }_tuya_api_weather_get,283==================>>>>
[17:14:27-925]> 
[17:14:27-928]> 
[17:14:27-928]> 
[17:14:27-941]> 
[17:14:27-941]> 
[17:14:27-956]> Tue Sep  1 17:12:44 UTC 2026
[17:14:27-956]> 
[17:14:27-985]> [09-01 17:12:47 ty E][2f44][tuya_svc_upgrade.c:885] result null
[17:14:27-985]> 
[17:14:27-985]> 
[17:14:27-985]> 
[17:14:28-015]> [***_sdcard_info_get***]:38     fdisk -l /dev/mmcblk0
[17:14:28-015]> 
[17:14:28-015]> 
[17:14:28-015]> 
[17:14:28-036]> [***_sdcard_info_check_valid***]:106    disk info block0_sector:[15269888], p1
[17:14:28-048]_sector:[7532545], p2_sector:[7532543], sector_size:[512]
[17:14:28-048]> 
[17:14:28-049]> 
[17:14:28-049]> 
[17:14:28-077]> [***_sdcard_info_check_valid***]:124    _sdcard_info_check_valid : true
[17:14:28-077]> 
[17:14:28-078]> 
[17:14:28-078]> 
[17:14:28-113]> [***mount_mmcblk***]:[1507]:65856ms     Mount /dev/mmcblk0p1 successful
[17:14:28-114]> 
[17:14:28-114]> 
[17:14:28-114]> 
[17:14:28-138]> [***mount_mmcblk***]:[1533]:65862ms     Mount /dev/mmcblk0p2 successful
[17:14:28-139]> 
[17:14:28-159]> [09-01 17:13:18 ty E][ee14][tuya_ipc_stream_storage.c:1034] report sd status o
[17:14:28-159]ut:1, 5 -> 1
[17:14:28-159]> 
[17:14:28-159]> 
[17:14:28-159]> 
[17:14:28-174]> 
[17:14:28-174]> 
[17:14:28-192]> [***file_list_task***]:[1621]:66823ms   file_list_task =======================
[17:14:28-192]=======>>>>3670
[17:14:28-192]> 
[17:14:28-192]> write_mode set 0 -> 1
[17:14:28-205]> 
[17:14:28-220]> 
[17:14:28-220]> 
[17:14:28-240]> type:3,code:48,value:10 
[17:14:28-241]> 
[17:14:28-253]> 1, 523,384 
[17:14:28-254]> 
[17:14:28-263]> type:3,code:48,value:0 
[17:14:28-263]> 
[17:14:28-297]> 0, 524,385 
[17:14:28-297]> 
[17:14:28-325]> type:3,code:48,value:10 
[17:14:28-325]> 
[17:14:28-358]> 1, 928,511 
[17:14:28-359]> 
[17:14:28-391]> type:3,code:48,value:0 
[17:14:28-392]> 
[17:14:28-422]> 0, 929,512 
[17:14:28-423]> 
[17:14:28-452]> type:3,code:48,value:10 
[17:14:28-453]> 
[17:14:28-482]> 1, 968,551 
[17:14:28-482]> 
[17:14:28-520]> audio_play==========0
[17:14:28-520]> 
[17:14:28-520]> audio_output_open @@  16000  @@  16000  @@  1  @@  1  @@@@@@@@@@@@@@@@@@@@@
[17:14:28-520]> 
[17:14:28-528]> [    ECHO][2026-09-01 17:13:33 853] ## Echo: [    ECHO][2026-09-01 17:13:33 85
[17:14:28-546]4] set far_NR param[    ECHO][2026-09-01 17:13:33 855]  (enable)
[17:14:28-546]> 
[17:14:28-586]> [      AO][2026-09-01 17:13:33 876] [ak_ao_set_nr_attr:1366] leave...
[17:14:28-587]> 
[17:14:28-594]> [    ECHO][2026-09-01 17:13:33 876] ## Echo: [    ECHO][2026-09-01 17:13:33 87
[17:14:28-611]7] set far_Volume param[    ECHO][2026-09-01 17:13:33 878] 
[17:14:28-612]> 
[17:14:28-640]> [      AO][2026-09-01 17:13:33 890] [ak_ao_set_aslc_attr:1293] leave...
[17:14:28-641]> 
[17:14:28-660]> [      AO][2026-09-01 17:13:33 890] [ak_ao_set_gain:792] set gain 3
[17:14:28-660]> 
[17:14:28-675]> [    ECHO][2026-09-01 17:13:33 896] ## Echo: [    ECHO][2026-09-01 17:13:33 89
[17:14:28-675]7] set far_Volume param[    ECHO][2026-09-01 17:13:33 898] 
[17:14:28-675]> 
[17:14:28-707]> [      AO][2026-09-01 17:13:33 911] [ak_ao_set_volume:845] leave...
[17:14:28-707]> 
[17:14:28-708]> type:3,code:48,value:0 
[17:14:28-708]> 
[17:14:28-715]> 0, 970,552 
[17:14:28-715]> 
[17:14:28-716]> 
[17:14:28-716]> 
[17:14:28-768]> [***layout_home_quit***]:677    ======LAYOUT_QUIT_FUNC=====>>
[17:14:28-768]> 
[17:14:28-768]> 
[17:14:28-768]> 
[17:14:28-777]> 
[17:14:28-778]> 
[17:14:28-811]> [***mailbox_status_create***]:1639      0
[17:14:28-811]> 
[17:14:28-823]> audio_output_restart !!!!!!!!!!!!!!!!!!!!!!!!!!!!
[17:14:28-823]> 
[17:14:28-823]> [      AO][2026-09-01 17:13:34 014] [ak_ao_cancel:1481] enter...
[17:14:28-823]> 
[17:14:28-856]> [     VQE][2026-09-01 17:13:34 014] [ak_vqe_inner_clean_ao_buf:3413] osal_vqe_
[17:14:28-856]get_dac entry...
[17:14:28-856]> 
[17:14:28-874]> [    ECHO][2026-09-01 17:13:34 015] ## _SD_Echo_Reset (0xa393b8)
[17:14:28-875]> 
[17:14:28-897]> [    ECHO][2026-09-01 17:13:34 016] ## ASLC OPEN OK ena:1, lookAheadLen:96
[17:14:28-898]> 
[17:14:28-921]> [     VQE][2026-09-01 17:13:34 016] [ak_vqe_inner_clean_ao_buf:3433] exit...
[17:14:28-922]> 
[17:14:28-922]> backlight_open,44 1
[17:14:28-922]> 
[17:14:28-947]> system_bg_resource_load================!!!!!!!!!!!!!!!!!!:13109
[17:14:28-947]> 
[17:14:28-965]> 
[17:14:28-965]> 
[17:14:28-984]> 
[17:14:28-984]> 
[17:14:29-009]> [***dev_info_status_callback***]:2084   ====dev_info_status_callback=======>>>
[17:14:29-009]>arg1:1   arg2:0
[17:14:29-009]> 
[17:14:29-009]> 
[17:14:29-009]> 
[17:14:29-027]> 
[17:14:29-027]> 
[17:14:29-046]> [***wifi_icon_display***]:1991  icon_offset:0
[17:14:29-046]> 
[17:14:29-064]> 
[17:14:29-064]> 
[17:14:29-091]> 
[17:14:29-091]> 
[17:14:29-092]> [UI_PERF] layout switch from=0x4f77d4 to=0x4f95bc prepare=5ms quit=0ms clean=0
[17:14:29-092]ms enter=26ms total=31ms
[17:14:29-092]> 
[17:14:29-115]> [      AO][2026-09-01 17:13:34 077] [ak_ao_cancel:1501] leave
[17:14:29-116]> 
[17:14:29-142]> [      AO][2026-09-01 17:13:34 078] [ak_ao_restart:1696] enter...
[17:14:29-142]> 
[17:14:29-142]> [      AO][2026-09-01 17:13:34 078] [ak_ao_restart:1724] leave
[17:14:29-142]> 
[17:14:29-183]> [09-01 17:13:34 ty E][3a34][tuya_svc_lan.c:1587] net recv err fd:33,errno:-20
[17:14:29-183]> 
[17:14:29-183]> type:3,code:48,value:10 
[17:14:29-183]> 
[17:14:29-183]> 1, 866,375 
[17:14:29-183]> 
[17:14:29-202]> audio_play==========0
[17:14:29-202]> 
[17:14:29-212]> audio_output_open @@  16000  @@  16000  @@  1  @@  1  @@@@@@@@@@@@@@@@@@@@@
[17:14:29-212]> 
[17:14:29-229]> [    ECHO][2026-09-01 17:13:34 703] ## Echo: [    ECHO][2026-09-01 17:13:34 70
[17:14:29-229]3] set far_NR param[    ECHO][2026-09-01 17:13:34 704]  (enable)
[17:14:29-229]> 
[17:14:29-257]> [      AO][2026-09-01 17:13:34 718] [ak_ao_set_nr_attr:1366] leave...
[17:14:29-258]> 
[17:14:29-274]> [    ECHO][2026-09-01 17:13:34 719] ## Echo: [    ECHO][2026-09-01 17:13:34 72
[17:14:29-275]0] set far_Volume param[    ECHO][2026-09-01 17:13:34 720] 
[17:14:29-275]> 
[17:14:29-294]> [      AO][2026-09-01 17:13:34 734] [ak_ao_set_aslc_attr:1293] leave...
[17:14:29-294]> 
[17:14:29-320]> [      AO][2026-09-01 17:13:34 735] [ak_ao_set_gain:792] set gain 3
[17:14:29-321]> 
[17:14:29-343]> [    ECHO][2026-09-01 17:13:34 739] ## Echo: [    ECHO][2026-09-01 17:13:34 74
[17:14:29-343]0] set far_Volume param[    ECHO][2026-09-01 17:13:34 741] 
[17:14:29-343]> 
[17:14:29-371]> [      AO][2026-09-01 17:13:34 759] [ak_ao_set_volume:845] leave...
[17:14:29-373]> 
[17:14:30-529]> type:3,code:48,value:0 
[17:14:30-529]> 
[17:14:31-156]> 
[17:14:31-156]> 
[17:14:31-345]> 
[17:14:31-345]> 
[17:14:31-573]> 
[17:14:31-573]> 
[17:14:32-214]> -sh: syntax error: unterminated quoted string
[17:14:32-774][root@anyka ~]$ 
[17:14:32-774][root@anyka ~]$ 
[17:14:33-119][root@anyka ~]$ 
[17:14:33-119][root@anyka ~]$ 
[17:14:34-242][root@anyka ~]$ ls
[17:14:34-250]app       dev       lib       proc      sys       var
[17:14:34-261]bin       etc       linuxrc   resource  tmp
[17:14:34-293]data      fat32     mnt       sbin      usr
[17:14:34-293][root@anyka ~]$ 
[17:14:41-546][root@anyka ~]$ ls /mnt/tf
[17:14:41-560]SAT_ANYKAOS_08280943       msg_record
[17:14:41-560]System Volume Information  music
[17:14:41-575]alarm_record               photo
[17:14:41-576]call_record                picture
[17:14:41-592]motion_record              video
[17:14:41-593][root@anyka ~]$ 
[17:14:45-348][root@anyka ~]$ ls /ad_tuya_api_weather_get,198==================>>>>
[17:14:45-348]
[17:14:45-348]
[17:14:46-056]
[17:14:46-057][***standby_timeout_callback***]:92 
[17:14:46-057]
[17:14:46-057]
[17:14:46-057]
[17:14:46-057]
[17:14:46-082][***layout_setting_info_quit***]:420    ================================
[17:14:46-083]
[17:14:46-083][***mailbox_status_create***]:1639      0
[17:14:46-107]backlight_open,44 1
[17:14:46-108]system_bg_resource_load================!!!!!!!!!!!!!!!!!!:13109
[17:14:46-108]
[17:14:46-108]
[17:14:46-115][***dev_info_status_callback***]:2084   ====dev_info_status_callback=======>>>>arg1:1   arg2:0
[17:14:46-115]
[17:14:46-115]
[17:14:46-144][***wifi_icon_display***]:1991  icon_offset:0
[17:14:46-144]
[17:14:46-144]
[17:14:46-144][UI_PERF] layout switch from=0x4f893c to=0x4f95bc prepare=4ms quit=0ms clean=0ms enter=51ms total=55ms
[17:14:46-511]
[17:14:46-529]ls: /ad: No such file or directory
[17:14:46-529][root@anyka ~]$ 
[17:14:46-692][root@anyka ~]$ {
[17:14:46-695]        "data": {
[17:14:46-695]                "w.humidity.0": 85,
[17:14:46-696]                "w.pressure.0": 991,
[17:14:46-697]                "w.pm10.0":     12,
[17:14:46-698]                "w.pm25.0":     12,
[17:14:46-699]                "w.temp.0":     28,
[17:14:46-707]                "w.conditionNum.0":     "101",
[17:14:46-708]                "w.thigh.0":    29,
[17:14:46-708]                "w.tlow.0":     24,
[17:14:46-709]                "c.city":       "鐝犳捣",
[17:14:46-709]                "w.humidity":   82,
[17:14:46-709]                "w.pressure":   991,
[17:14:46-713]                "w.pm10":       12,
[17:14:46-714]                "w.pm25":       12,
[17:14:46-714]                "w.temp":       28,
[17:14:46-715]                "w.conditionNum":       "142"
[17:14:46-715]        },
[17:14:46-715]        "expiration":   28
[17:14:46-727]}_tuya_api_weather_get,283==================>>>>
[17:14:46-727]
[17:14:46-727]
[17:14:46-727]
[17:14:46-727][root@anyka ~]$ 
[17:14:46-727][root@anyka ~]$ Tue Sep  1 17:14:46 UTC 2026
[17:14:46-838]
[17:14:46-838][root@anyka ~]$ 
[17:14:51-203][root@anyka ~]$ ls /mnt/tf
[17:14:51-205]SAT_ANYKAOS_08280943       msg_record
[17:14:51-205]System Volume Information  music
[17:14:51-216]alarm_record               photo
[17:14:51-217]call_record                picture
[17:14:51-228]motion_record              video
[17:14:51-228][root@anyka ~]$ 
[17:14:56-709][root@anyka ~]$ ls /app/data/
[17:14:56-709]SAT_ANYKAOS_08280944  tuya_key              wpa_supplicant.conf
[17:14:56-724]tuya_cache            user_data.cfg
[17:14:56-724][root@anyka ~]$ 
[17:15:34-599][root@anyka ~]$ 
[17:15:34-599][root@anyka ~]$ 
[17:15:34-621][root@anyka ~]$ MODE:3  LINK_TYPE:2 IP_MODE_TYPE:0
[17:15:34-622]-sh: MODE:3: not found
[17:15:34-622][root@anyka ~]$ 
[17:15:34-632][root@anyka ~]$ [01-01 00:00:00 ty I][6f44][tal_thread.c:185] thread_create name
[17:15:34-632]:sys_timer,stackDepth:4096,totalstackDepth:4096,priority:5
[17:15:34-632]-sh: [01-01: not found
[17:15:34-652][root@anyka ~]$ 
[17:15:34-653][root@anyka ~]$ [01-01 00:00:00 ty I][6f44][tal_thread.c:185] thread_create name
[17:15:34-665]:wq_system,stackDepth:6144,totalstackDepth:10240,priority:3
[17:15:34-665]-sh: [01-01: not found
[17:15:34-665][root@anyka ~]$ 
[17:15:34-669][root@anyka ~]$ [01-01 00:00:00 ty I][6f44][tal_thread.c:185] thread_create name
[17:15:34-669]:wq_highpri,stackDepth:5120,totalstackDepth:15360,priority:4
[17:15:34-669]-sh: [01-01: not found
[17:15:34-669][root@anyka ~]$ 
[17:15:34-680][root@anyka ~]$ [01-01 00:00:00 ty I][6f44][tal_thread.c:185] thread_create name
[17:15:34-693]:health_monitor,stackDepth:1536,totalstackDepth:16896,priority:5
[17:15:34-693]-sh: [01-01: not found
[17:15:34-693][root@anyka ~]$ 
[17:15:34-704][root@anyka ~]$ [01-01 00:00:00 ty I][6f44][mqc_app.c:516] mqc app init ...
[17:15:34-705]-sh: [01-01: not found
[17:15:34-706][root@anyka ~]$ 
[17:15:34-726][root@anyka ~]$ [01-01 00:00:00 ty E][6f44][mqc_app.c:119] handler cnt is zero
[17:15:34-727]-sh: [01-01: not found
[17:15:34-727][root@anyka ~]$ 
[17:15:34-727][root@anyka ~]$ [01-01 00:00:00 ty E][6f44][log_seq.c:861] open err
[17:15:34-736]-sh: [01-01: not found
[17:15:34-737][root@anyka ~]$ 
[17:15:34-738][root@anyka ~]$ [01-01 00:00:00 ty I][6f44][kv_storge.c:45] Init Kvs With File:/
[17:15:34-752]app/data/tuya_cache/
[17:15:34-752]-sh: [01-01: not found
[17:15:34-752][root@anyka ~]$ 
[17:15:34-753][root@anyka ~]$ [01-01 00:00:00 ty N][6f44][tuya_tls.c:876] uni_random_init...
[17:15:34-768]-sh: [01-01: not found
[17:15:34-769][root@anyka ~]$ 
[17:15:34-769][root@anyka ~]$ [01-01 00:00:00 ty N][6f44][tuya_tls.c:303] tuya_tls_rand_init o
[17:15:34-769]k!
[17:15:34-786]-sh: [01-01: not found
[17:15:34-786][root@anyka ~]$ 
[17:15:34-786][root@anyka ~]$ [01-01 00:00:00 ty N][6f44][tuya_svc_devos.c:338] gw_cntl->gw_ws
[17:15:34-794]m.stat:2
[17:15:34-794]-sh: can't create gw_wsm.stat:2: Read-only file system
[17:15:34-794]-sh: [01-01: not found
[17:15:34-794][root@anyka ~]$ 
[17:15:34-807][root@anyka ~]$ [01-01 00:00:00 ty E][6f44][tuya_wifi_connect.c:257] ret:-4
[17:15:34-807]-sh: [01-01: not found
[17:15:34-807][root@anyka ~]$ 
[17:15:34-824][root@anyka ~]$ [01-01 00:00:00 ty E][6f44][base_event.c:153] ret:-4
[17:15:34-825]-sh: [01-01: not found
[17:15:34-825][root@anyka ~]$ 
[17:15:34-825][root@anyka ~]$ type:3,code:48,value:10 
[17:15:34-838]-sh: type:3,code:48,value:10: not found
[17:15:34-839][root@anyka ~]$ 
[17:15:34-839][root@anyka ~]$ 1, 535,388 
[17:15:34-840]-sh: 1,: not found
[17:15:34-840][root@anyka ~]$ 
[17:15:34-864][root@anyka ~]$ 
[17:15:34-864][root@anyka ~]$ 
[17:15:34-880][root@anyka ~]$ [***get_outdoor_talk_state***]:[116]:21968ms    [AUDIO_DIAG] doo
[17:15:34-880]r=1 busy raw=0 effective=0 now=21968 hang=0 grace=3000
[17:15:34-896]-sh: [***get_outdoor_talk_state***]:[116]:21968ms: not found
[17:15:34-896][root@anyka ~]$ 
[17:15:34-896][root@anyka ~]$ 
[17:15:34-896][root@anyka ~]$ 
[17:15:34-913][root@anyka ~]$ [***get_outdoor_talk_state***]:[116]:21968ms    [AUDIO_DIAG] doo
[17:15:34-913]r=2 busy raw=0 effective=0 now=21968 hang=0 grace=3000
[17:15:34-928]-sh: [***get_outdoor_talk_state***]:[116]:21968ms: not found
[17:15:34-928][root@anyka ~]$ 
[17:15:34-944][root@anyka ~]$ [01-01 00:00:00 ty E][6f44][tuya_wifi_link.c:757] get mac fail:-
[17:15:34-945]4
[17:15:34-945]-sh: [01-01: not found
[17:15:34-945][root@anyka ~]$ 
[17:15:34-951][root@anyka ~]$ [01-01 00:00:00 ty E][f44][tuya_wifi_netcfg.c:78] wf_wk_mode_set
[17:15:34-951] err:-4
[17:15:34-951]-sh[01-01 0: [01-01: not found
[17:15:34-953][root@anyka ~]$ 
[17:15:34-965][root@anyka ~]$ [01-01 00:00:00 ty E][f44][tuya_ipc_sdk_init.c:441] gw status ch
[17:15:34-966]anged to [3], but not notify
[17:15:34-967]-sh: [01-01: not found
[17:15:34-967][root@anyka ~]$ 
[17:15:34-990][root@anyka ~]$ 
[17:15:34-990][root@anyka ~]$ 
[17:15:34-990][root@anyka ~]$ [01-01 00:00:00 ty E][f44][tuya_svc_timer_task.c:1376] read time
[17:15:34-990]r_full_key failed
[17:15:35-002]-sh: [01-01: not found
[17:15:35-002][root@anyka ~]$ 
[17:15:35-002][root@anyka ~]$ 
[17:15:35-002][root@anyka ~]$ 
[17:15:35-018][root@anyka ~]$ [***dev_info_status_event_push***]:1580         ====dev_info_sta
[17:15:35-018]tus_event_push=======>>>>arg1:1 arg2:0
[17:15:35-037]-sh: syntax error: unexpected redirection
[17:15:35-037][root@anyka ~]$ 
[17:15:35-037][root@anyka ~]$ 
[17:15:35-037][root@anyka ~]$ 
[17:15:35-038][root@anyka ~]$ 
[17:15:35-038][root@anyka ~]$ 
[17:15:35-066][root@anyka ~]$ [***dev_info_status_callback***]:2084   ====dev_info_status_call
[17:15:35-066]back=======>>>>arg1:1   arg2:0
[17:15:35-080]-sh: syntax error: unexpected redirection
[17:15:35-080][root@anyka ~]$ 
[17:15:35-080][root@anyka ~]$ 
[17:15:35-080][root@anyka ~]$ 
[17:15:35-098][root@anyka ~]$ type:3,code:48,value:0 
[17:15:35-098]-sh: type:3,code:48,value:0: not found
[17:15:35-098][root@anyka ~]$ 
[17:15:35-098][root@anyka ~]$ 0, 536,389 
[17:15:35-111]-sh: 0,: not found
[17:15:35-111][root@anyka ~]$ 
[17:15:35-130][root@anyka ~]$ type:3,code:48,value:10 
[17:15:35-131]-sh: type:3,code:48,value:10: not found
[17:15:35-132][root@anyka ~]$ 
[17:15:35-132][root@anyka ~]$ 1, 280,289 
[17:15:35-158]-sh: 1,: not found
[17:15:35-158][root@anyka ~]$ 
[17:15:35-186][root@anyka ~]$ audio_play==========0
[17:15:35-186][root@anyka ~]$ 
[17:15:35-207][root@anyka ~]$ type:3,code:48,value:0 
[17:15:35-207]-sh: type:3,code:48,value:0: not found
[17:15:35-207][root@anyka ~]$ 
[17:15:35-207][root@anyka ~]$ 0, 281,290 
[17:15:35-234]-sh: 0,: not found
[17:15:35-234][root@anyka ~]$ 
[17:15:35-234][root@anyka ~]$ 
[17:15:35-234][root@anyka ~]$ 
[17:15:35-249][root@anyka ~]$ [***monitor_video_mode_close***]:2363   ==============monitor_vi
[17:15:35-250]deo_mode_close====>>>>
[17:15:35-267]-sh: syntax error: unexpected redirection
[17:15:35-267][root@anyka ~]$ 
[17:15:35-277][root@anyka ~]$ 
[17:15:35-277]
[17:15:35-278][root@anyka ~]$ 
[17:15:35-278][root@anyka ~]$ 
[17:15:35-278][root@anyka ~]$ 
[17:15:35-327][root@anyka ~]$ stream is close 
[17:15:35-328]-sh: stream: not found
[17:15:35-328][root@anyka ~]$ 
[17:15:35-329][root@anyka ~]$ 
[17:15:35-329][root@anyka ~]$ 
[17:15:35-342][root@anyka ~]$ [***audio_talk_close***]:[486]:22690ms  [AUDIO_DIAG] talk close 
[17:15:35-342]all=1 audiocast=0 status=0 send_eth=0x0 receive_eth=0x0
[17:15:35-360]-sh: [***audio_talk_close***]:[486]:22690ms: not found
[17:15:35-360][root@anyka ~]$ 
[17:15:35-360][root@anyka ~]$ 
[17:15:35-360][root@anyka ~]$ 
[17:15:35-374][root@anyka ~]$ [***audio_talk_close***]:[499]:22690ms  [TUYA_AUDIO_TRACE] audio
[17:15:35-375]_talk_close: close local audio input/decode
[17:15:35-388]-sh: [***audio_talk_close***]:[499]:22690ms: not found
[17:15:35-389][root@anyka ~]$ 
[17:15:35-389][root@anyka ~]$ 
[17:15:35-389][root@anyka ~]$ 
[17:15:35-404][root@anyka ~]$ [***layout_home_enter***]:617   ================================
[17:15:35-405]-sh: [***layout_home_enter***]:617: not found
[17:15:35-420][root@anyka ~]$ 
[17:15:35-421][root@anyka ~]$ backlight_open,44 1
[17:15:35-421]-sh: backlight_open,44: not found
[17:15:35-421][root@anyka ~]$ 
[17:15:35-421][root@anyka ~]$ 
[17:15:35-440][root@anyka ~]$ 
[17:15:35-448][root@anyka ~]$ [***dev_info_status_callback***]:2084   ====dev_info_status_call
[17:15:35-448]back=======>>>>arg1:1   arg2:0
[17:15:35-465]-sh: syntax error: unexpected redirection
[17:15:35-465][root@anyka ~]$ 
[17:15:35-465][root@anyka ~]$ 
[17:15:35-465][root@anyka ~]$ 
[17:15:35-480][root@anyka ~]$ 
[17:15:35-480][root@anyka ~]$ 
[17:15:35-502][root@anyka ~]$ [***wifi_icon_display***]:1991  icon_offset:0
[17:15:35-502]-sh: [***wifi_icon_display***]:1991
[17:15:35-502]
[17:15:35-502]: not found
[17:15:35-503][root@anyka ~]$ 
[17:15:35-513][root@anyka ~]$ 
[17:15:35-513][root@anyka ~]$ 
[17:15:35-530][root@anyka ~]$ 
[17:15:35-530][root@anyka ~]$ 
[17:15:35-545][root@anyka ~]$ 
[17:15:35-545][root@anyka ~]$ 
[17:15:35-563][root@anyka ~]$ [***layout_home_enter***]:672   ================================
[17:15:35-563]-sh: [***layout_home_enter***]:672: not found
[17:15:35-576][root@anyka ~]$ 
[17:15:35-577][root@anyka ~]$ [UI_PERF] layout switch from=0x4f95bc to=0x4f77d4 prepare=3ms qu
[17:15:35-577]it=51ms clean=1ms enter=15ms total=70ms
[17:15:35-596]-sh: [UI_PERF]: not found
[17:15:35-596][root@anyka ~]$ 
[17:15:35-609][root@anyka ~]$ audio_output_restart !!!!!!!!!!!!!!!!!!!!!!!!!!!!
[17:15:35-609]-sh: audio_output_restart: not found
[17:15:35-609][root@anyka ~]$ 
[17:15:35-627][root@anyka ~]$ [      AO][2026-09-01 17:12:34 340] [ak_ao_cancel:1481] enter...
[17:15:35-627]sh: missing ]
[17:15:35-627][root@anyka ~]$ 
[17:15:35-644][root@anyka ~]$ [      AO][2026-09-01 17:12:34 342] [ak_ao_cancel:1488] dev is N
[17:15:35-644]ULL!
[17:15:35-644]sh: missing ]
[17:15:35-644][root@anyka ~]$ 
[17:15:35-657][root@anyka ~]$ [      AO][2026-09-01 17:12:34 343] [ak_ao_cancel:1501] leave
[17:15:35-658]sh: missing ]
[17:15:35-658][root@anyka ~]$ 
[17:15:35-670][root@anyka ~]$ [      AO][2026-09-01 17:12:34 348] [ak_ao_restart:1696] enter..
[17:15:35-671].
[17:15:35-671]sh: missing ]
[17:15:35-671][root@anyka ~]$ 
[17:15:35-686][root@anyka ~]$ [      AO][2026-09-01 17:12:34 349] [ak_ao_restart:1703] dev is 
[17:15:35-686]NULL!
[17:15:35-686]sh: missing ]
[17:15:35-686][root@anyka ~]$ 
[17:15:35-700][root@anyka ~]$ [      AO][2026-09-01 17:12:34 350] [ak_ao_restart:1724] leave
[17:15:35-700]sh: missing ]
[17:15:35-701][root@anyka ~]$ 
[17:15:35-701][root@anyka ~]$ 
[17:15:35-701][root@anyka ~]$ 
[17:15:35-730][root@anyka ~]$ [***network_cmd_receive_task***]:[1165]:23001ms         family[1
[17:15:35-731]] device 1 off line ..........
[17:15:35-742]-sh: [***network_cmd_receive_task***]:[1165]:23001ms: not found
[17:15:35-743][root@anyka ~]$ 
[17:15:35-743][root@anyka ~]$ type:3,code:48,value:10 
[17:15:35-762]-sh: type:3,code:48,value:10: not found
[17:15:35-762][root@anyka ~]$ 
[17:15:35-762][root@anyka ~]$ 1, 224,171 
[17:15:35-762]-sh: 1,: not found
[17:15:35-762][root@anyka ~]$ 
[17:15:35-779][root@anyka ~]$ audio_play==========0
[17:15:35-779][root@anyka ~]$ 
[17:15:35-794][root@anyka ~]$ audio_output_open @@  16000  @@  16000  @@  0  @@  1  @@@@@@@@@@
[17:15:35-794]@@@@@@@@@@@
[17:15:35-794]-sh: audio_output_open: not found
[17:15:35-809][root@anyka ~]$ 
[17:15:35-809][root@anyka ~]$ audio_output_devices_open ======================================
[17:15:35-809]=ch:1    rate:16000
[17:15:35-816]-sh: audio_output_devices_open: not found
[17:15:35-816][root@anyka ~]$ 
[17:15:35-817][root@anyka ~]$ [      AO][2026-09-01 17:12:34 916] [ak_ao_open:614] ao version:
[17:15:49-231] libplat_ao V1.10.12
[17:15:49-231]sh: missing ]
[17:15:49-232][root@anyka ~]$ 
[17:15:49-232][root@anyka ~]$ [     VQE][2026-09-01 17:12:34 958] [ak_vqe_inner_open:2006] ak_
[17:15:49-232]vqe_inner_open entry...ai_vqe = (nil), ao_vqe = 0xa3fdec
[17:15:49-232]-sh: syntax error: unexpected "("
[17:15:49-232][root@anyka ~]$ 
[17:15:49-233][root@anyka ~]$ type:3,code:48,value:0 
[17:15:49-233]-sh: type:3,code:48,value:0: not found
[17:15:49-233][root@anyka ~]$ 
[17:15:49-233][root@anyka ~]$ 0, 225,172 
[17:15:49-233]-sh: 0,: not found
[17:15:49-233][root@anyka ~]$ 
[17:15:49-233][root@anyka ~]$ 
[17:15:49-233][root@anyka ~]$ 
[17:15:49-234][root@anyka ~]$ [***layout_home_quit***]:677    ======LAYOUT_QUIT_FUNC=====>>
[17:15:49-234]-sh: syntax error: unexpected newline
[17:15:49-234][root@anyka ~]$ 
[17:15:49-235][root@anyka ~]$ 
[17:15:49-236][root@anyka ~]$ 
[17:15:49-236][root@anyka ~]$ [    ECHO][2026-09-01 17:12:34 983] ## --AudioFilter Version V1.
[17:15:49-236]15.12, Echo--
[17:15:49-236]sh: missing ]
[17:15:49-236][root@anyka ~]$ 
[17:15:49-236][root@anyka ~]$ [    ECHO][2026-09-01 17:12:34 985] ## jitterBuf: 0xa39400
[17:15:49-236]sh: missing ]
[17:15:49-237][root@anyka ~]$ 
[17:15:49-239][root@anyka ~]$ [    ECHO][2026-09-01 17:12:34 995] ## _SD_Echo_Open far_path (0
[17:15:49-240]xa393b8)
[17:15:49-240]sh: missing ]
[17:15:49-241][root@anyka ~]$ 
[17:15:49-241][root@anyka ~]$ 
[17:15:49-241][root@anyka ~]$ 
[17:15:49-241][root@anyka ~]$ [***dev_info_status_callback***]:2084   ====dev_info_status_call
[17:15:49-241]back=======>>>>arg1:1   arg2:0
[17:15:49-242]-sh: syntax error: unexpected redirection
[17:15:49-242][root@anyka ~]$ 
[17:15:49-242][root@anyka ~]$ 
[17:15:49-242][root@anyka ~]$ 
[17:15:49-242][root@anyka ~]$ 
[17:15:49-242][root@anyka ~]$ 
[17:15:49-243][root@anyka ~]$ [***wifi_icon_display***]:1991  icon_offset:0
[17:15:49-243]-sh: [***wifi_icon_display***]:1991: not found
[17:15:49-243][root@anyka ~]$ 
[17:15:49-244][root@anyka ~]$ 
[17:15:49-244][root@anyka ~]$ 
[17:15:49-244][root@anyka ~]$ 
[17:15:49-244][root@anyka ~]$ 
[17:15:49-244][root@anyka ~]$ [UI_PERF] layout switch from=0x4f77d4 to=0x4f8324 prepare=4ms qu
[17:15:49-244]it=0ms clean=0ms enter=47ms total=51ms
[17:15:49-244]-sh: [UI_PERF]: not found
[17:15:49-244][root@anyka ~]$ 
[17:15:49-244][root@anyka ~]$ [    ECHO][2026-09-01 17:12:35 029] ## Echo: [    ECHO][2026-09-
[17:15:49-244]01 17:12:35 036] load far_Volume[    ECHO][2026-09-01 17:12:35 036] 
[17:15:49-244]sh: missing ]
[17:15:49-244][root@anyka ~]$ 
[17:15:49-244][root@anyka ~]$ [    ECHO][2026-09-01 17:12:35 037] ## ASLC OPEN OK ena:1, lookA
[17:15:49-244]headLen:96
[17:15:49-245]sh: missing ]
[17:15:49-245][root@anyka ~]$ 
[17:15:49-245][root@anyka ~]$ [     VQE][2026-09-01 17:12:35 038] [get_nr_param:1331] nr not o
[17:15:49-245]pen
[17:15:49-247]sh: missing ]
[17:15:49-248][root@anyka ~]$ 
[17:15:49-248][root@anyka ~]$  [     VQE][2026-09-01 17:12:35 081] [ak_vqe_inner_open:2095] ak
[17:15:49-248]_vqe_inner_open exit...
[17:15:49-248]sh: missing ]
[17:15:49-248][root@anyka ~]$ 
[17:15:49-248][root@anyka ~]$ [      AO][2026-09-01 17:12:35 082] [play_pcm_thread:286] thread
[17:15:49-248] id: 670
[17:15:49-248]sh: missing ]
[17:15:49-248][root@anyka ~]$ 
[17:15:49-249][root@anyka ~]$ -----dac set source
[17:15:49-249]-sh: -----dac: not found
[17:15:49-249][root@anyka ~]$ 
[17:15:49-250][root@anyka ~]$ [      AO][2026-09-01 17:12:35 127] [ak_ao_open:645] leaved...
[17:15:49-250]sh: missing ]
[17:15:49-250][root@anyka ~]$ 
[17:15:49-250][root@anyka ~]$ [    ECHO][2026-09-01 17:12:35 128] ## Echo: [    ECHO][2026-09-
[17:15:49-250]01 17:12:35 128] load far_NR[    ECHO][2026-09-01 17:12:35 128]  (enable)
[17:15:49-251]sh: missing ]
[17:15:49-251][root@anyka ~]$ 
[17:15:49-251][root@anyka ~]$ [      AO][2026-09-01 17:12:35 152] [ak_ao_set_nr_attr:1366] lea
[17:15:49-251]ve...
[17:15:49-251]sh: missing ]
[17:15:49-251][root@anyka ~]$ 
[17:15:49-251][root@anyka ~]$ [    ECHO][2026-09-01 17:12:35 153] ## Echo: [    ECHO][2026-09-
[17:15:49-251]01 17:12:35 153] set far_Volume param[    ECHO][2026-09-01 17:12:35 154] 
[17:15:49-251]sh: missing ]
[17:15:49-252][root@anyka ~]$ 
[17:15:49-252][root@anyka ~]$ [      AO][2026-09-01 17:12:35 168] [ak_ao_set_aslc_attr:1293] l
[17:15:49-252]eave...
[17:15:49-252]sh: missing ]
[17:15:49-252][root@anyka ~]$ 
[17:15:49-253][root@anyka ~]$ [      AO][2026-09-01 17:12:35 169] [ak_ao_set_gain:792] set gai
[17:15:49-253]n 3
[17:15:49-253]sh: missing ]
[17:15:49-253][root@anyka ~]$ 
[17:15:49-253][root@anyka ~]$ [    ECHO][2026-09-01 17:12:35 172] ## Echo: [    ECHO][2026-09-
[17:15:49-253]01 17:12:35 173] set far_Volume param[    ECHO][2026-09-01 17:12:35 174] 
[17:15:49-253]sh: missing ]
[17:15:49-253][root@anyka ~]$ 
[17:15:49-253][root@anyka ~]$ [      AO][2026-09-01 17:12:35 186] [ak_ao_set_volume:845] leave
[17:15:49-253]...
[17:15:49-254]sh: missing ]
[17:15:49-254][root@anyka ~]$ 
[17:15:49-254][root@anyka ~]$ pcm_16bit_volume_cover===============>>81 - 0.177828
[17:15:49-254]-sh: can't create 81: Read-only file system
[17:15:49-254]-sh: -: not found
[17:15:49-254][root@anyka ~]$ 
[17:15:49-254][root@anyka ~]$ audio_output_restart !!!!!!!!!!!!!!!!!!!!!!!!!!!!
[17:15:49-254]-sh: audio_output_restart: not found
[17:15:49-254][root@anyka ~]$ 
[17:15:49-254][root@anyka ~]$ [      AO][2026-09-01 17:12:35 283] [ak_ao_cancel:1481] enter...
[17:15:49-254]sh: missing ]
[17:15:49-255][root@anyka ~]$ 
[17:15:49-255][root@anyka ~]$ [     VQE][2026-09-01 17:12:35 284] [ak_vqe_inner_clean_ao_buf:3
[17:15:49-255]413] osal_vqe_get_dac entry...
[17:15:49-255]sh: missing ]
[17:15:49-255][root@anyka ~]$ 
[17:15:49-255][root@anyka ~]$ [    ECHO][2026-09-01 17:12:35 286] ## _SD_Echo_Reset (0xa393b8)
[17:15:49-255]sh: missing ]
[17:15:49-255][root@anyka ~]$ 
[17:15:49-255][root@anyka ~]$ [    ECHO][2026-09-01 17:12:35 287] ## ASLC OPEN OK ena:1, lookA
[17:15:49-260]headLen:96
[17:15:49-260]sh: missing ]
[17:15:49-260][root@anyka ~]$ 
[17:15:49-260][root@anyka ~]$ [     VQE][2026-09-01 17:12:35 290] [ak_vqe_inner_clean_ao_buf:3
[17:15:49-260]433] exit...
[17:15:49-260]sh: missing ]
[17:15:49-260][root@anyka ~]$ 
[17:15:49-260][root@anyka ~]$ [      AO][2026-09-01 17:12:35 340] [ak_ao_cancel:1501] leave
[17:15:49-260]sh: missing ]
[17:15:49-260][root@anyka ~]$ 
[17:15:49-261][root@anyka ~]$ [      AO][2026-09-01 17:12:35 340] [ak_ao_restart:1696] enter..
[17:15:49-261].
[17:15:49-261]sh: missing ]
[17:15:49-261][root@anyka ~]$ 
[17:15:49-261][root@anyka ~]$ [      AO][2026-09-01 17:12:35 341] [ak_ao_restart:1724] leave
[17:15:49-261]sh: missing ]
[17:15:49-261][root@anyka ~]$ 
[17:15:49-261][root@anyka ~]$ type:3,code:48,value:10 
[17:15:49-261]-sh: type:3,code:48,value:10: not found
[17:15:49-261][root@anyka ~]$ 
[17:15:49-261][root@anyka ~]$ 1, 619,381 
[17:15:49-261]-sh: 1,: not found
[17:15:49-261][root@anyka ~]$ 
[17:15:49-261][root@anyka ~]$ audio_play==========0
[17:15:49-262][root@anyka ~]$ 
[17:15:49-262][root@anyka ~]$ audio_output_open @@  16000  @@  16000  @@  1  @@  1  @@@@@@@@@@
[17:15:49-262]@@@@@@@@@@@
[17:15:49-262]-sh: audio_output_open: not found
[17:15:49-262][root@anyka ~]$ 
[17:15:49-262][root@anyka ~]$ [    ECHO][2026-09-01 17:12:35 525] ## Echo: [    ECHO][2026-09-
[17:15:49-262]01 17:12:35 526] set far_NR param[    ECHO][2026-09-01 17:12:35 526]  (enable)
[17:15:49-262]sh: missing ]
[17:15:49-262][root@anyka ~]$ 
[17:15:49-262][root@anyka ~]$ [      AO][2026-09-01 17:12:35 554] [ak_ao_set_nr_attr:1366] lea
[17:15:49-262]ve...
[17:15:49-262]sh: missing ]
[17:15:49-262][root@anyka ~]$ 
[17:15:49-262][root@anyka ~]$ [    ECHO][2026-09-01 17:12:35 561] ## Echo: [    ECHO][2026-09-
[17:15:49-262]01 17:12:35 564] set far_Volume param[    ECHO][2026-09-01 17:12:35 565] 
[17:15:49-263]sh: missing ]
[17:15:49-263][root@anyka ~]$ 
[17:15:49-263][root@anyka ~]$ type:3,code:48,value:0 
[17:15:49-263]-sh: type:3,code:48,value:0: not found
[17:15:49-263][root@anyka ~]$ 
[17:15:49-263][root@anyka ~]$ 0, 620,382 
[17:15:49-263]-sh: 0,: not found
[17:15:49-263][root@anyka ~]$ 
[17:15:49-263][root@anyka ~]$ 
[17:15:49-263][root@anyka ~]$ 
[17:15:49-263][root@anyka ~]$ [***layout_setting_info_enter***]:413   ========================
[17:15:49-263]========
[17:15:49-263]-sh: [***layout_setting_info_enter***]:413: not found
[17:15:49-263][root@anyka ~]$ 
[17:15:49-263][root@anyka ~]$ 
[17:15:49-263][root@anyka ~]$ 
[17:15:49-264][root@anyka ~]$ [***setting_bg_display***]:32 
[17:15:49-264]-sh: [***setting_bg_display***]:32: not found
[17:15:49-264][root@anyka ~]$ 
[17:15:49-264][root@anyka ~]$ 
[17:15:49-264][root@anyka ~]$ 
[17:15:49-264][root@anyka ~]$ 
[17:15:49-264][root@anyka ~]$ 
[17:15:49-267][root@anyka ~]$ 
[17:15:49-267][root@anyka ~]$ 
[17:15:49-267][root@anyka ~]$ [      AO][2026-09-01 17:12:35 599] [ak_ao_set_aslc_attr:1293] l
[17:15:49-268]eave...
[17:15:49-268]sh: missing ]
[17:15:49-268][root@anyka ~]$ 
[17:15:49-268][root@anyka ~]$ [      AO][2026-09-01 17:12:35 600] [ak_ao_set_gain:792] set gai
[17:15:49-270]n 3
[17:15:49-271]sh: missing ]
[17:15:49-271][root@anyka ~]$ 
[17:15:49-272][root@anyka ~]$ [    ECHO][2026-09-01 17:12:35 611] ## Echo: [    ECHO][2026-09-
[17:15:49-272]01 17:12:35 616] set far_Volume param[    ECHO][2026-09-01 17:12:35 617] 
[17:15:49-272]sh: missing ]
[17:15:49-272][root@anyka ~]$ 
[17:15:49-273][root@anyka ~]$ MTD涓暟:11
[17:15:49-273]-sh: MTD涓暟:11: not found
[17:15:49-273][root@anyka ~]$ 
[17:15:49-273][root@anyka ~]$ [      AO][2026-09-01 17:12:35 644] [ak_ao_set_volume:845] leave
[17:15:49-273]...
[17:15:49-273]sh: missing ]
[17:15:49-274][root@anyka ~]$ 
[17:15:49-274][root@anyka ~]$ 
[17:15:49-274][root@anyka ~]$ 
[17:15:49-274][root@anyka ~]$ [***get_curr_relesse_date***]:186       Release Date : 2026-9-1
[17:15:49-274]-sh: [***get_curr_relesse_date***]:186: not found
[17:15:49-274][root@anyka ~]$ 
[17:15:49-274][root@anyka ~]$ [UI_PERF] layout switch from=0x4f8324 to=0x4f893c prepare=13ms q
[17:15:49-275]uit=0ms clean=0ms enter=83ms total=96ms
[17:15:49-275]-sh: [UI_PERF]: not found
[17:15:49-275][root@anyka ~]$ 
[17:15:49-275][root@anyka ~]$ audio_output_restart !!!!!!!!!!!!!!!!!!!!!!!!!!!!
[17:15:49-275]-sh: audio_output_restart: not found
[17:15:49-275][root@anyka ~]$ 
[17:15:49-275][root@anyka ~]$ [      AO][2026-09-01 17:12:35 758] [ak_ao_cancel:1481] enter...
[17:15:49-276]sh: missing ]
[17:15:49-276][root@anyka ~]$ 
[17:15:49-276][root@anyka ~]$ [     VQE][2026-09-01 17:12:35 758] [ak_vqe_inner_clean_ao_buf:3
[17:15:49-276]413] osal_vqe_get_dac entry...
[17:15:49-276]sh: missing ]
[17:15:49-276][root@anyka ~]$ 
[17:15:49-276][root@anyka ~]$ [    ECHO][2026-09-01 17:12:35 759] ## _SD_Echo_Reset (0xa393b8)
[17:15:49-276]sh: missing ]
[17:15:49-276][root@anyka ~]$ 
[17:15:49-276][root@anyka ~]$ [    ECHO][2026-09-01 17:12:35 760] ## ASLC OPEN OK ena:1, lookA
[17:15:49-277]headLen:96
[17:15:49-277]sh: missing ]
[17:15:49-277][root@anyka ~]$ 
[17:15:49-277][root@anyka ~]$ [     VQE][2026-09-01 17:12:35 760] [ak_vqe_inner_clean_ao_buf:3
[17:15:49-277]433] exit...
[17:15:49-277]sh: missing ]
[17:15:49-277][root@anyka ~]$ 
[17:15:49-283][root@anyka ~]$ [      AO][2026-09-01 17:12:35 821] [ak_ao_cancel:1501] leave
[17:15:49-284]sh: missing ]
[17:15:49-284][root@anyka ~]$ 
[17:15:49-286][root@anyka ~]$ [      AO][2026-09-01 17:12:35 821] [ak_ao_restart:1696] enter..
[17:15:49-286].
[17:15:49-286]sh: missing ]
[17:15:49-286][root@anyka ~]$ 
[17:15:49-286][root@anyka ~]$ [      AO][2026-09-01 17:12:35 822] [ak_ao_restart:1724] leave
[17:15:49-286]sh: missing ]
[17:15:49-286][root@anyka ~]$ 
[17:15:49-286][root@anyka ~]$ type:3,code:48,value:10 
[17:15:49-286]-sh: type:3,code:48,value:10: not found
[17:15:49-286][root@anyka ~]$ 
[17:15:49-286][root@anyka ~]$ 1, 952,530 
[17:15:49-286]-sh: 1,: not found
[17:15:49-287][root@anyka ~]$ 
[17:15:49-287][root@anyka ~]$ audio_play==========0
[17:15:49-287][root@anyka ~]$ 
[17:15:49-287][root@anyka ~]$ audio_output_open @@  16000  @@  16000  @@  1  @@  1  @@@@@@@@@@
[17:15:49-287]@@@@@@@@@@@
[17:15:49-287]-sh: audio_output_open: not found
[17:15:49-287][root@anyka ~]$ 
[17:15:49-287][root@anyka ~]$ [    ECHO][2026-09-01 17:12:37 266] ## Echo: [    ECHO][2026-09-
[17:15:49-287]01 17:12:37 268] set far_NR param[    ECHO][2026-09-01 17:12:37 269]  (enable)
[17:15:49-287]sh: missing ]
[17:15:49-287][root@anyka ~]$ 
[17:15:49-287][root@anyka ~]$ [      AO][2026-09-01 17:12:37 291] [ak_ao_set_nr_attr:1366] lea
[17:15:49-287]ve...
[17:15:49-287]sh: missing ]
[17:15:49-287][root@anyka ~]$ 
[17:15:49-288][root@anyka ~]$ [    ECHO][2026-09-01 17:12:37 292] ## Echo: [    ECHO][2026-09-
[17:15:49-288]01 17:12:37 293] set far_Volume param[    ECHO][2026-09-01 17:12:37 293] 
[17:15:49-288]sh: missing ]
[17:15:49-288][root@anyka ~]$ 
[17:15:49-288][root@anyka ~]$ [      AO][2026-09-01 17:12:37 307] [ak_ao_set_aslc_attr:1293] l
[17:15:49-288]eave...
[17:15:49-288]sh: missing ]
[17:15:49-288][root@anyka ~]$ 
[17:15:49-289][root@anyka ~]$ [      AO][2026-09-01 17:12:37 308] [ak_ao_set_gain:792] set gai
[17:15:49-290]n 3
[17:15:49-290]sh: missing ]
[17:15:49-290][root@anyka ~]$ 
[17:15:49-291][root@anyka ~]$ [    ECHO][2026-09-01 17:12:37 312] ## Echo: [    ECHO][2026-09-
[17:15:49-291]01 17:12:37 312] set far_Volume param[    ECHO][2026-09-01 17:12:37 313] 
[17:15:49-291]sh: missing ]
[17:15:49-291][root@anyka ~]$ 
[17:15:49-291][root@anyka ~]$ [      AO][2026-09-01 17:12:37 326] [ak_ao_set_volume:845] leave
[17:15:49-291]...
[17:15:49-291]sh: missing ]
[17:15:49-291][root@anyka ~]$ 
[17:15:49-291][root@anyka ~]$ type:3,code:48,value:0 
[17:15:49-291]-sh: type:3,code:48,value:0: not found
[17:15:49-291][root@anyka ~]$ 
[17:15:49-292][root@anyka ~]$ 0, 953,531 
[17:15:49-292]-sh: 0,: not found
[17:15:49-292][root@anyka ~]$ 
[17:15:49-292][root@anyka ~]$ 
[17:15:49-292][root@anyka ~]$ 
[17:15:49-292][root@anyka ~]$ [***layout_setting_info_quit***]:420    ========================
[17:15:49-292]========
[17:15:49-292]-sh: [***layout_setting_info_quit***]:420: not found
[17:15:49-292][root@anyka ~]$ 
[17:15:49-298][root@anyka ~]$ 
[17:15:49-298][root@anyka ~]$ 
[17:15:49-298][root@anyka ~]$ [***dev_info_status_callback***]:2084   ====dev_info_status_call
[17:15:49-298]back=======>>>>arg1:1   arg2:0
[17:15:49-298]-sh: syntax error: unexpected redirection
[17:15:49-298][root@anyka ~]$ 
[17:15:49-298][root@anyka ~]$ 
[17:15:49-298][root@anyka ~]$ 
[17:15:49-298][root@anyka ~]$ 
[17:15:49-299][root@anyka ~]$ 
[17:15:49-299][root@anyka ~]$ [***wifi_icon_display***]:1991  icon_offset:0
[17:15:49-299]-sh: [***wifi_icon_display***]:1991: not found
[17:15:49-299][root@anyka ~]$ 
[17:15:49-299][root@anyka ~]$ 
[17:15:49-299][root@anyka ~]$ 
[17:15:49-299][root@anyka ~]$ 
[17:15:49-299][root@anyka ~]$ 
[17:15:49-299][root@anyka ~]$ [UI_PERF] layout switch from=0x4f893c to=0x4f8324 prepare=4ms qu
[17:15:49-299]it=0ms clean=1ms enter=13ms total=18ms
[17:15:49-299]-sh: [UI_PERF]: not found
[17:15:49-299][root@anyka ~]$ 
[17:15:49-300][root@anyka ~]$ audio_output_restart !!!!!!!!!!!!!!!!!!!!!!!!!!!!
[17:15:49-300]-sh: audio_output_restart: not found
[17:15:49-300][root@anyka ~]$ 
[17:15:49-300][root@anyka ~]$ [      AO][2026-09-01 17:12:37 428] [ak_ao_cancel:1481] enter...
[17:15:49-302]sh: missing ]
[17:15:49-302][root@anyka ~]$ 
[17:15:49-302][root@anyka ~]$ [     VQE][2026-09-01 17:12:37 428] [ak_vqe_inner_clean_ao_buf:3
[17:15:49-302]413] osal_vqe_get_dac entry...
[17:15:49-302]sh: missing ]
[17:15:49-302][root@anyka ~]$ 
[17:15:49-302][root@anyka ~]$ [    ECHO][2026-09-01 17:12:37 429] ## _SD_Echo_Reset (0xa393b8)
[17:15:49-303]sh: missing ]
[17:15:49-303][root@anyka ~]$ 
[17:15:49-303][root@anyka ~]$ [    ECHO][2026-09-01 17:12:37 430] ## ASLC OPEN OK ena:1, lookA
[17:15:49-303]headLen:96
[17:15:49-303]sh: missing ]
[17:15:49-303][root@anyka ~]$ 
[17:15:49-303][root@anyka ~]$ [     VQE][2026-09-01 17:12:37 430] [ak_vqe_inner_clean_ao_buf:3
[17:15:49-303]433] exit...
[17:15:49-303]sh: missing ]
[17:15:49-303][root@anyka ~]$ 
[17:15:49-303][root@anyka ~]$ [      AO][2026-09-01 17:12:37 486] [ak_ao_cancel:1501] leave
[17:15:49-303]sh: missing ]
[17:15:49-303][root@anyka ~]$ 
[17:15:49-303][root@anyka ~]$ [      AO][2026-09-01 17:12:37 486] [ak_ao_restart:1696] enter..
[17:15:49-303].
[17:15:49-304]sh: missing ]
[17:15:49-304][root@anyka ~]$ 
[17:15:49-304][root@anyka ~]$ [      AO][2026-09-01 17:12:37 487] [ak_ao_restart:1724] leave
[17:15:49-304]sh: missing ]
[17:15:49-304][root@anyka ~]$ 
[17:15:49-304][root@anyka ~]$ type:3,code:48,value:10 
[17:15:49-304]-sh: type:3,code:48,value:10: not found
[17:15:49-304][root@anyka ~]$ 
[17:15:49-304][root@anyka ~]$ 1, 986,530 
[17:15:49-304]-sh: 1,: not found
[17:15:49-304][root@anyka ~]$ 
[17:15:49-305][root@anyka ~]$ audio_play==========0
[17:15:49-305][root@anyka ~]$ 
[17:15:49-305][root@anyka ~]$ audio_output_open @@  16000  @@  16000  @@  1  @@  1  @@@@@@@@@@
[17:15:49-305]@@@@@@@@@@@
[17:15:49-309]-sh: audio_output_open: not found
[17:15:49-309][root@anyka ~]$ 
[17:15:49-309][root@anyka ~]$ [    ECHO][2026-09-01 17:12:37 900] ## Echo: [    ECHO][2026-09-
[17:15:49-309]01 17:12:37 901] set far_NR param[    ECHO][2026-09-01 17:12:37 902]  (enable)
[17:15:49-309]sh: missing ]
[17:15:49-309][root@anyka ~]$ 
[17:15:49-309][root@anyka ~]$ [      AO][2026-09-01 17:12:37 917] [ak_ao_set_nr_attr:1366] lea
[17:15:49-309]ve...
[17:15:49-309]sh: missing ]
[17:15:49-309][root@anyka ~]$ 
[17:15:49-310][root@anyka ~]$ [    ECHO][2026-09-01 17:12:37 917] ## Echo: [    ECHO][2026-09-
[17:15:49-310]01 17:12:37 918] set far_Volume param[    ECHO][2026-09-01 17:12:37 919] 
[17:15:49-310]sh: missing ]
[17:15:49-310][root@anyka ~]$ 
[17:15:49-310][root@anyka ~]$ [      AO][2026-09-01 17:12:37 930] [ak_ao_set_aslc_attr:1293] l
[17:15:49-310]eave...
[17:15:49-310]sh: missing ]
[17:15:49-310][root@anyka ~]$ 
[17:15:49-310][root@anyka ~]$ [      AO][2026-09-01 17:12:37 932] [ak_ao_set_gain:792] set gai
[17:15:49-310]n 3
[17:15:49-310]sh: missing ]
[17:15:49-310][root@anyka ~]$ 
[17:15:49-310][root@anyka ~]$ [    ECHO][2026-09-01 17:12:37 936] ## Echo: [    ECHO][2026-09-
[17:15:49-310]01 17:12:37 937] set far_Volume param[    ECHO][2026-09-01 17:12:37 937] 
[17:15:49-310]sh: missing ]
[17:15:49-311][root@anyka ~]$ 
[17:15:49-311][root@anyka ~]$ [      AO][2026-09-01 17:12:37 951] [ak_ao_set_volume:845] leave
[17:15:49-311]...
[17:15:49-311]sh: missing ]
[17:15:49-311][root@anyka ~]$ 
[17:15:49-311][root@anyka ~]$ type:3,code:48,value:0 
[17:15:49-311]-sh: type:3,code:48,value:0: not found
[17:15:49-311][root@anyka ~]$ 
[17:15:49-311][root@anyka ~]$ 0, 987,531 
[17:15:49-311]-sh: 0,: not found
[17:15:49-311][root@anyka ~]$ 
[17:15:49-311][root@anyka ~]$ 
[17:15:49-311][root@anyka ~]$ 
[17:15:49-311][root@anyka ~]$ [***layout_home_enter***]:617   ================================
[17:15:49-311]-sh: [***layout_home_enter***]:617: not found
[17:15:49-311][root@anyka ~]$ 
[17:15:49-311][root@anyka ~]$ backlight_open,44 1
[17:15:49-312]-sh: backlight_open,44: not found
[17:15:49-312][root@anyka ~]$ 
[17:15:49-312][root@anyka ~]$ audio_output_restart !!!!!!!!!!!!!!!!!!!!!!!!!!!!
[17:15:49-312]-sh: audio_output_restart: not found
[17:15:49-312][root@anyka ~]$ 
[17:15:49-312][root@anyka ~]$ [      AO][2026-09-01 17:12:38 047] [ak_ao_cancel:1481] enter...
[17:15:49-312]sh: missing ]
[17:15:49-312][root@anyka ~]$ 
[17:15:49-312][root@anyka ~]$ [     VQE][2026-09-01 17:12:38 049] [ak_vqe_inner_clean_ao_buf:3
[17:15:49-312]413] osal_vqe_get_dac entry...
[17:15:49-312]sh: missing ]
[17:15:49-312][root@anyka ~]$ 
[17:15:49-312][root@anyka ~]$ [    ECHO][2026-09-01 17:12:38 049] ## _SD_Echo_Reset (0xa393b8)
[17:15:49-312]sh: missing ]
[17:15:49-313][root@anyka ~]$ 
[17:15:49-313][root@anyka ~]$ [    ECHO][2026-09-01 17:12:38 051] ## ASLC OPEN OK ena:1, lookA
[17:15:49-313]headLen:96
[17:15:49-313]sh: missing ]
[17:15:49-313][root@anyka ~]$ 
[17:15:49-313][root@anyka ~]$ [     VQE][2026-09-01 17:12:38 061] [ak_vqe_inner_clean_ao_buf:3
[17:15:49-317]433] exit...
[17:15:49-318]sh: missing ]
[17:15:49-318][root@anyka ~]$ 
[17:15:49-318][root@anyka ~]$ 
[17:15:49-318][root@anyka ~]$ 
[17:15:49-318][root@anyka ~]$ [***dev_info_status_callback***]:2084   ====dev_info_status_call
[17:15:49-318]back=======>>>>arg1:1   arg2:0
[17:15:49-318]-sh: syntax error: unexpected redirection
[17:15:49-319][root@anyka ~]$ 
[17:15:49-319][root@anyka ~]$ 
[17:15:49-319][root@anyka ~]$ 
[17:15:49-319][root@anyka ~]$ 
[17:15:49-319][root@anyka ~]$ 
[17:15:49-319][root@anyka ~]$ [***wifi_icon_display***]:1991  icon_offset:0
[17:15:49-319]-sh: [***wifi_icon_display***]:1991: not found
[17:15:49-319][root@anyka ~]$ 
[17:15:49-319][root@anyka ~]$ 
[17:15:49-319][root@anyka ~]$ 
[17:15:49-319][root@anyka ~]$ 
[17:15:49-319][root@anyka ~]$ 
[17:15:49-319][root@anyka ~]$ 
[17:15:49-319][root@anyka ~]$ 
[17:15:49-319][root@anyka ~]$ [***layout_home_enter***]:672   ================================
[17:15:49-320]-sh: [***layout_home_enter***]:672: not found
[17:15:49-320][root@anyka ~]$ 
[17:15:49-320][root@anyka ~]$ [UI_PERF] layout switch from=0x4f8324 to=0x4f77d4 prepare=4ms qu
[17:15:49-320]it=0ms clean=0ms enter=45ms total=49ms
[17:15:49-320]-sh: [UI_PERF]: not found
[17:15:49-320][root@anyka ~]$ 
[17:15:49-320][root@anyka ~]$ [      AO][2026-09-01 17:12:38 127] [ak_ao_cancel:1501] leave
[17:15:49-320]sh: missing ]
[17:15:49-320][root@anyka ~]$ 
[17:15:49-320][root@anyka ~]$ [      AO][2026-09-01 17:12:38 129] [ak_ao_restart:1696] enter..
[17:15:49-320].
[17:15:49-320]sh: missing ]
[17:15:49-320][root@anyka ~]$ 
[17:15:49-320][root@anyka ~]$ [      AO][2026-09-01 17:12:38 129] [ak_ao_restart:1724] leave
[17:15:49-320]sh: missing ]
[17:15:49-321][root@anyka ~]$ 
[17:15:49-321][root@anyka ~]$ [DEBUG][__on_status_online:0067]  online: network status MQTT co
[17:15:49-321]nnected
[17:15:49-321]-sh: [DEBUG][__on_status_online:0067]: not found
[17:15:49-321][root@anyka ~]$ 
[17:15:49-322][root@anyka ~]$ [***dev_info_status_event_push***]:1580         ====dev_info_sta
[17:15:49-323]tus_event_push=======>>>>arg1:1 arg2:0
[17:15:49-323]-sh: syntax error: unexpected redirection
[17:15:49-323][root@anyka ~]$ 
[17:15:49-323][root@anyka ~]$ 
[17:15:49-323][root@anyka ~]$ 
[17:15:49-323][root@anyka ~]$ 
[17:15:49-323][root@anyka ~]$ 
[17:15:49-323][root@anyka ~]$ [***dev_info_status_callback***]:2084   ====dev_info_status_call
[17:15:49-323]back=======>>>>arg1:1   arg2:0
[17:15:49-327]-sh: syntax error: unexpected redirection
[17:15:49-327][root@anyka ~]$ 
[17:15:49-327][root@anyka ~]$ 
[17:15:49-328][root@anyka ~]$ 
[17:15:49-328][root@anyka ~]$ [09-01 17:12:40 ty E][6f44][tuya_imm_service_log.c:507] read med
[17:15:49-328]ia_log_info fails, ret[-6]
[17:15:49-328]-sh: [09-01: not found
[17:15:49-328][root@anyka ~]$ 
[17:15:49-328][root@anyka ~]$ tuya liteos uv
[17:15:49-328]-sh: tuya: not found
[17:15:49-328][root@anyka ~]$ 
[17:15:49-328][root@anyka ~]$ [09-01 17:12:41 ty E][6f44][tuya_ipc_streamer.c:1640] tstream in
[17:15:49-328]it start
[17:15:49-328]-sh: [09-01: not found
[17:15:49-328][root@anyka ~]$ 
[17:15:49-328][root@anyka ~]$ [09-01 17:12:41 ty E][6f44][tuya_ipc_streamer.c:1712] tstream in
[17:15:49-328]it done
[17:15:49-328]-sh: [09-01: not found
[17:15:49-329][root@anyka ~]$ 
[17:15:49-329][root@anyka ~]$ [09-01 17:12:41 ty E][6f44][tuya_ipc_stream_storage.c:1526] disa
[17:15:49-329]ble aov local storage,stor_format:0,aov_on:0
[17:15:49-329]-sh: [09-01: not found
[17:15:49-329][root@anyka ~]$ 
[17:15:49-329][root@anyka ~]$ [09-01 17:12:41 ty E][2904][tuya_ipc_event.c:1074] get type arra
[17:15:49-329]y cnt:130
[17:15:49-329]-sh: [09-01: not found
[17:15:49-329][root@anyka ~]$ 
[17:15:49-329][root@anyka ~]$ [09-01 17:12:41 ty E][ee14][tuya_ipc_stream_storage.c:1034] repo
[17:15:49-329]rt sd status out:1, 0 -> 1
[17:15:49-329]-sh: can't create 1: Read-only file system
[17:15:49-329]-sh: [09-01: not found
[17:15:49-329][root@anyka ~]$ 
[17:15:49-329][root@anyka ~]$ 
[17:15:49-329][root@anyka ~]$ 
[17:15:49-330][root@anyka ~]$ FAT-fs (mmcblk0p2): Directory bread(block 14690) failed
[17:15:49-330]-sh: syntax error: unexpected word (expecting ")")
[17:15:49-330]-sh: syntax error: unexpected ")"
[17:15:49-330][root@anyka ~]$ 
[17:15:49-330][root@anyka ~]$ FAT-fs (mmcblk0p2): Directory bread(block 14690) failed
[17:15:49-330]-sh: syntax error: unexpected word (expecting ")")
[17:15:49-330]-sh: syntax error: unexpected ")"
[17:15:49-330][root@anyka ~]$ 
[17:15:49-330][root@anyka ~]$ FAT-fs (mmcblk0p2): FAT read failed (blocknr 6)
[17:15:49-330]-sh: syntax error: unexpected word (expecting ")")
[17:15:49-330]-sh: syntax error: unexpected ")"
[17:15:49-330][root@anyka ~]$ 
[17:15:49-330][root@anyka ~]$ [09-01 17:12:42 ty E][ee14][uni_fs.c:24] mkdir fail:-1, path:/mn
[17:15:49-330]t/tf2/DCIM
[17:15:49-330]-sh: [09-01: not found
[17:15:49-330][root@anyka ~]$ 
[17:15:49-330][root@anyka ~]$ 
[17:15:49-331][root@anyka ~]$ 
[17:15:49-331][root@anyka ~]$ [***_umount_mnt***]:156         umount -l /mnt/tf2
[17:15:49-331]-sh: [***_umount_mnt***]:156: not found
[17:15:49-331][root@anyka ~]$ 
[17:15:49-331][root@anyka ~]$ [09-01 17:12:42 ty E][ee14][tuya_ipc_stream_storage.c:842] init_
[17:15:49-331]directory err:-29
[17:15:49-331]-sh: [09-01: not found
[17:15:49-331][root@anyka ~]$ 
[17:15:49-331][root@anyka ~]$ [09-01 17:12:42 ty E][ee14][tuya_ipc_stream_storage.c:1050] repo
[17:15:49-331]rt sd status 1 -> 2
[17:15:49-331]-sh: can't create 2: Read-only file system
[17:15:49-335]-sh: [09-01: not found
[17:15:49-335][root@anyka ~]$ 
[17:15:49-335][root@anyka ~]$ 
[17:15:49-335][root@anyka ~]$ 
[17:15:49-335][root@anyka ~]$ FAT-fs (mmcblk0p2): Directory bread(block 14690) failed
[17:15:49-335]-sh: syntax error: unexpected word (expecting ")")
[17:15:49-335]-sh: syntax error: unexpected ")"
[17:15:49-335][root@anyka ~]$ 
[17:15:49-336][root@anyka ~]$ FAT-fs (mmcblk0p2): FAT read failed (blocknr 6)
[17:15:49-336]-sh: syntax error: unexpected word (expecting ")")
[17:15:49-336]-sh: syntax error: unexpected ")"
[17:15:49-336][root@anyka ~]$ 
[17:15:49-336][root@anyka ~]$ 
[17:15:49-336][root@anyka ~]$ 
[17:15:49-336][root@anyka ~]$ [***_umount_mnt***]:156         umount -l /mnt/tf0
[17:15:49-336]-sh: [***_umount_mnt***]:156: not found
[17:15:49-336][root@anyka ~]$ 
[17:15:49-336][root@anyka ~]$ FAT-fs (mmcblk0p2): bread failed in fat_clusters_flush
[17:15:49-337]-sh: syntax error: unexpected word (expecting ")")
[17:15:49-337]-sh: syntax error: unexpected ")"
[17:15:49-337][root@anyka ~]$ 
[17:15:49-337][root@anyka ~]$ [09-01 17:12:42 ty E][ee14][uni_fs.c:24] mkdir fail:-1, path:/mn
[17:15:49-337]t/tf2/DCIM
[17:15:49-337]-sh: [09-01: not found
[17:15:49-337][root@anyka ~]$ 
[17:15:49-337][root@anyka ~]$ [09-01 17:12:42 ty E][ee14][tuya_ipc_stream_storage.c:483] stora
[17:15:49-337]ge not inited
[17:15:49-337]-sh: [09-01: not found
[17:15:49-337][root@anyka ~]$ 
[17:15:49-337][root@anyka ~]$ umount: can't unmount /mnt/tf0: Invalid argument
[17:15:49-338]> 
[17:15:49-338]> 
[17:15:49-338]> 
[17:15:49-338]> [***_umount_mnt***]:156         umount -l /mnt/tf
[17:15:49-338]> 
[17:15:49-338]> [09-01 17:12:43 ty E][ee14][tuya_ipc_stream_storage.c:1034] report sd status o
[17:15:49-338]ut:5, 1 -> 5
[17:15:49-338]> 
[17:15:49-338]> 
[17:15:49-338]> 
[17:15:49-339]> [09-01 17:12:43 ty E][ee14][tuya_ipc_stream_storage.c:483] storage not inited
[17:15:49-339]> 
[17:15:49-339]> [ty_sdk_main, 601]
[17:15:49-339]> 
[17:15:49-339]> _tuya_api_weather_get,198==================>>>>
[17:15:49-339]> 
[17:15:49-339]> 
[17:15:49-340]> 
[17:15:49-340]> 
[17:15:49-340]> 
[17:15:49-340]> 
[17:15:49-340]> 
[17:15:49-340]> [***tuya_stream_storage_thread***]:101  **************************************
[17:15:49-340]****START
[17:15:49-340]> 
[17:15:49-340]> {
[17:15:49-340]> 
[17:15:49-340]>         "data": {
[17:15:49-340]> 
[17:15:49-340]>                 "w.humidity.0": 84,
[17:15:49-340]> 
[17:15:49-340]>                 "w.pressure.0": 991,
[17:15:49-343]> 
[17:15:49-343]>                 "w.pm10.0":     9,
[17:15:49-343]> 
[17:15:49-343]>                 "w.pm25.0":     9,
[17:15:49-343]> 
[17:15:49-343]>                 "w.temp.0":     28,
[17:15:49-343]> 
[17:15:49-343]>                 "w.conditionNum.0":     "101",
[17:15:49-343]> 
[17:15:49-343]>                 "w.thigh.0":    29,
[17:15:49-343]> 
[17:15:49-343]>                 "w.tlow.0":     24,
[17:15:49-343]> 
[17:15:49-344]>                 "c.city":       "鐝犳捣",
[17:15:49-344]> 
[17:15:49-344]>                 "w.humidity":   82,
[17:15:49-344]> 
[17:15:49-344]>                 "w.pressure":   991,
[17:15:49-344]> 
[17:15:49-344]>                 "w.pm10":       12,
[17:15:49-344]> 
[17:15:49-344]>                 "w.pm25":       12,
[17:15:49-344]> 
[17:15:49-344]>                 "w.temp":       28,
[17:15:49-344]> 
[17:15:49-344]>                 "w.conditionNum":       "142"
[17:15:49-344]> 
[17:15:49-344]>         },
[17:15:49-344]> 
[17:15:49-344]>         "expiration":   30
[17:15:49-345]> 
[17:15:49-345]> }_tuya_api_weather_get,283==================>>>>
[17:15:49-345]> 
[17:15:49-345]> 
[17:15:49-345]> 
[17:15:49-345]> 
[17:15:49-345]> 
[17:15:49-345]> Tue Sep  1 17:12:44 UTC 2026
[17:15:49-345]> 
[17:15:49-345]> [09-01 17:12:47 ty E][2f44][tuya_svc_upgrade.c:885] result null
[17:15:49-345]> 
[17:15:49-345]> 
[17:15:49-345]> 
[17:15:49-345]> [***_sdcard_info_get***]:38     fdisk -l /dev/mmcblk0
[17:15:49-345]> 
[17:15:49-345]> 
[17:15:49-345]> 
[17:15:49-346]> [***_sdcard_info_check_valid***]:106    disk info block0_sector:[15269888], p1
[17:15:49-346]_sector:[7532545], p2_sector:[7532543], sector_size:[512]
[17:15:49-346]> 
[17:15:49-346]> 
[17:15:49-346]> 
[17:15:49-346]> [***_sdcard_info_check_valid***]:124    _sdcard_info_check_valid : true
[17:15:49-346]> 
[17:15:49-346]> 
[17:15:49-346]> 
[17:15:49-346]> [***mount_mmcblk***]:[1507]:65856ms     Mount /dev/mmcblk0p1 successful
[17:15:49-346]> 
[17:15:49-346]> 
[17:15:49-346]> 
[17:15:49-346]> [***mount_mmcblk***]:[1533]:65862ms     Mount /dev/mmcblk0p2 successful
[17:15:49-346]> 
[17:15:49-350]> [09-01 17:13:18 ty E][ee14][tuya_ipc_stream_storage.c:1034] report sd status o
[17:15:49-350]ut:1, 5 -> 1
[17:15:49-350]> 
[17:15:49-350]> 
[17:15:49-350]> 
[17:15:49-350]> 
[17:15:49-350]> 
[17:15:49-350]> [***file_list_task***]:[1621]:66823ms   file_list_task =======================
[17:15:49-350]=======>>>>3670
[17:15:49-350]> 
[17:15:49-350]> write_mode set 0 -> 1
[17:15:49-350]> 
[17:15:49-351]> 
[17:15:49-351]> 
[17:15:49-351]> type:3,code:48,value:10 
[17:15:49-351]> 
[17:15:49-351]> 1, 523,384 
[17:15:49-351]> 
[17:15:49-351]> type:3,code:48,value:0 
[17:15:49-351]> 
[17:15:49-351]> 0, 524,385 
[17:15:49-351]> 
[17:15:49-351]> type:3,code:48,value:10 
[17:15:49-351]> 
[17:15:49-351]> 1, 928,511 
[17:15:49-351]> 
[17:15:49-351]> type:3,code:48,value:0 
[17:15:49-351]> 
[17:15:49-351]> 0, 929,512 
[17:15:49-351]> 
[17:15:49-351]> type:3,code:48,value:10 
[17:15:49-351]> 
[17:15:49-351]> 1, 968,551 
[17:15:49-352]> 
[17:15:49-352]> audio_play==========0
[17:15:49-352]> 
[17:15:49-352]> audio_output_open @@  16000  @@  16000  @@  1  @@  1  @@@@@@@@@@@@@@@@@@@@@
[17:15:49-352]> 
[17:15:49-352]> [    ECHO][2026-09-01 17:13:33 853] ## Echo: [    ECHO][2026-09-01 17:13:33 85
[17:15:49-352]4] set far_NR param[    ECHO][2026-09-01 17:13:33 855]  (enable)
[17:15:49-352]> 
[17:15:49-352]> [      AO][2026-09-01 17:13:33 876] [ak_ao_set_nr_attr:1366] leave...
[17:15:49-352]> 
[17:15:49-352]> [    ECHO][2026-09-01 17:13:33 876] ## Echo: [    ECHO][2026-09-01 17:13:33 87
[17:15:49-352]7] set far_Volume param[    ECHO][2026-09-01 17:13:33 878] 
[17:15:49-352]> 
[17:15:49-352]> [      AO][2026-09-01 17:13:33 890] [ak_ao_set_aslc_attr:1293] leave...
[17:15:49-352]> 
[17:15:49-353]> [      AO][2026-09-01 17:13:33 890] [ak_ao_set_gain:792] set gain 3
[17:15:49-353]> 
[17:15:49-353]> [    ECHO][2026-09-01 17:13:33 896] ## Echo: [    ECHO][2026-09-01 17:13:33 89
[17:15:49-353]7] set far_Volume param[    ECHO][2026-09-01 17:13:33 898] 
[17:15:49-353]> 
[17:15:49-353]> [      AO][2026-09-01 17:13:33 911] [ak_ao_set_volume:845] leave...
[17:15:49-353]> 
[17:15:49-353]> type:3,code:48,value:0 
[17:15:49-353]> 
[17:15:49-353]> 0, 970,552 
[17:15:49-353]> 
[17:15:49-353]> 
[17:15:49-353]> 
[17:15:49-353]> [***layout_home_quit***]:677    ======LAYOUT_QUIT_FUNC=====>>
[17:15:49-358]> 
[17:15:49-358]> 
[17:15:49-358]> 
[17:15:49-358]> 
[17:15:49-358]> 
[17:15:49-359]> [***mailbox_status_create***]:1639      0
[17:15:49-359]> 
[17:15:49-359]> audio_output_restart !!!!!!!!!!!!!!!!!!!!!!!!!!!!
[17:15:49-359]> 
[17:15:49-359]> [      AO][2026-09-01 17:13:34 014] [ak_ao_cancel:1481] enter...
[17:15:49-359]> 
[17:15:49-359]> [     VQE][2026-09-01 17:13:34 014] [ak_vqe_inner_clean_ao_buf:3413] osal_vqe_
[17:15:49-359]get_dac entry...
[17:15:49-359]> 
[17:15:49-359]> [    ECHO][2026-09-01 17:13:34 015] ## _SD_Echo_Reset (0xa393b8)
[17:15:49-359]> 
[17:15:49-359]> [    ECHO][2026-09-01 17:13:34 016] ## ASLC OPEN OK ena:1, lookAheadLen:96
[17:15:49-359]> 
[17:15:49-359]> [     VQE][2026-09-01 17:13:34 016] [ak_vqe_inner_clean_ao_buf:3433] exit...
[17:15:49-359]> 
[17:15:49-360]> backlight_open,44 1
[17:15:49-360]> 
[17:15:49-360]> system_bg_resource_load================!!!!!!!!!!!!!!!!!!:13109
[17:15:49-360]> 
[17:15:49-360]> 
[17:15:49-360]> 
[17:15:49-360]> 
[17:15:49-360]> 
[17:15:49-360]> [***dev_info_status_callback***]:2084   ====dev_info_status_callback=======>>>
[17:15:49-360]>arg1:1   arg2:0
[17:15:49-360]> 
[17:15:49-360]> 
[17:15:49-360]> 
[17:15:49-360]> 
[17:15:49-360]> 
[17:15:49-360]> [***wifi_icon_display***]:1991  icon_offset:0
[17:15:49-361]> 
[17:15:49-361]> 
[17:15:49-361]> 
[17:15:49-361]> 
[17:15:49-361]> 
[17:15:49-361]> [UI_PERF] layout switch from=0x4f77d4 to=0x4f95bc prepare=5ms quit=0ms clean=0
[17:15:49-361]ms enter=26ms total=31ms
[17:15:49-361]> 
[17:15:49-361]> [      AO][2026-09-01 17:13:34 077] [ak_ao_cancel:1501] leave
[17:15:49-361]> 
[17:15:49-361]> [      AO][2026-09-01 17:13:34 078] [ak_ao_restart:1696] enter...
[17:15:49-361]> 
[17:15:49-361]> [      AO][2026-09-01 17:13:34 078] [ak_ao_restart:1724] leave
[17:15:49-362]> 
[17:15:49-364]> [09-01 17:13:34 ty E][3a34][tuya_svc_lan.c:1587] net recv err fd:33,errno:-20
[17:15:49-364]> 
[17:15:49-366]> type:3,code:48,value:10 
[17:15:49-366]> 
[17:15:49-366]> 1, 866,375 
[17:15:49-366]> 
[17:15:49-367]> audio_play==========0
[17:15:49-367]> 
[17:15:49-367]> audio_output_open @@  16000  @@  16000  @@  1  @@  1  @@@@@@@@@@@@@@@@@@@@@
[17:15:49-367]> 
[17:15:49-372]> [    ECHO][2026-09-01 17:13:34 703] ## Echo: [    ECHO][2026-09-01 17:13:34 70
[17:15:49-373]3] set far_NR param[    ECHO][2026-09-01 17:13:34 704]  (enable)
[17:15:49-373]> 
[17:15:49-373]> [      AO][2026-09-01 17:13:34 718] [ak_ao_set_nr_attr:1366] leave...
[17:15:49-373]> 
[17:15:49-373]> [    ECHO][2026-09-01 17:13:34 719] ## Echo: [    ECHO][2026-09-01 17:13:34 72
[17:15:49-373]0] set far_Volume param[    ECHO][2026-09-01 17:13:34 720] 
[17:15:49-374]> 
[17:15:49-374]> [      AO][2026-09-01 17:13:34 734] [ak_ao_set_aslc_attr:1293] leave...
[17:15:49-374]> 
[17:15:49-374]> [      AO][2026-09-01 17:13:34 735] [ak_ao_set_gain:792] set gain 3
[17:15:49-374]> 
[17:15:49-374]> [    ECHO][2026-09-01 17:13:34 739] ## Echo: [    ECHO][2026-09-01 17:13:34 74
[17:15:49-374]0] set far_Volume param[    ECHO][2026-09-01 17:13:34 741] 
[17:15:49-374]> 
[17:15:49-374]> [      AO][2026-09-01 17:13:34 759] [ak_ao_set_volume:845] leave...
[17:15:49-374]> 
[17:15:49-374]> type:3,code:48,value:0 
[17:15:49-375][***standby_task***]:1975       ==================>>>>
[17:15:49-375]
[17:15:49-375]
[17:15:49-375]
[17:15:49-375][***standby_task***]:1977       ==================>>>>
[17:15:49-375]
[17:15:49-375]
[17:15:49-375]
[17:15:49-375][***standby_task***]:1992       ==================>>>>
[17:15:49-375]
[17:15:49-375]
[17:15:49-375]
[17:15:49-376][***standby_task***]:1997       curr_time:1715 duration_start:0 duration_end:2359,status_get:1
[17:15:49-376]
[17:15:49-376][***weather_time_str_get***]:350        17
[17:15:49-376][***weather_time_str_get***]:354        15_tuya_api_weather_get,198==================>>>>
[17:15:49-376]
[17:15:49-376]
[17:15:49-376]{
[17:15:49-376]        "data": {
[17:15:49-376]                "w.humidity.0": 84,
[17:15:49-376]                "w.pressure.0": 991,
[17:15:49-377]                "w.pm10.0":     9,
[17:15:49-377]                "w.pm25.0":     9,
[17:15:49-377]                "w.temp.0":     28,
[17:15:49-377]                "w.conditionNum.0":     "101",
[17:15:49-377]                "w.thigh.0":    29,
[17:15:49-377]                "w.tlow.0":     24,
[17:15:49-377]                "c.city":       "鐝犳捣",
[17:15:49-377]                "w.humidity":   82,
[17:15:49-377]                "w.pressure":   991,
[17:15:49-377]                "w.pm10":       12,
[17:15:49-377]                "w.pm25":       12,
[17:15:49-378]                "w.temp":       28,
[17:15:49-378]                "w.conditionNum":       "142"
[17:15:49-378]        },
[17:15:49-379]        "expiration":   27
[17:15:49-379]}_tuya_api_weather_get,283==================>>>>
[17:15:49-379]
[17:15:49-379]
[17:15:49-379]Tue Sep  1 17:15:47 UTC 2026
[17:16:46-230]
[17:16:46-235][***standby_task***]:1975       ==================>>>>
[17:16:46-235]
[17:16:46-235]
[17:16:46-235]
[17:16:46-244][***standby_task***]:1977       ==================>>>>
[17:16:46-244]
[17:16:46-244]
[17:16:46-245]
[17:16:46-245][***standby_task***]:1992       ==================>>>>
[17:16:46-245]
[17:16:46-245]
[17:16:46-245]
[17:16:46-269][***standby_task***]:1997       curr_time:1716 duration_start:0 duration_end:2359,status_get:1
[17:16:47-370]_tuya_api_weather_get,198==================>>>>
[17:16:47-370]
[17:16:47-370]
[17:16:48-229]{
[17:16:48-230]        "data": {
[17:16:48-230]                "w.humidity.0": 85,
[17:16:48-230]                "w.pressure.0": 991,
[17:16:48-231]                "w.pm10.0":     12,
[17:16:48-231]                "w.pm25.0":     12,
[17:16:48-231]                "w.temp.0":     28,
[17:16:48-242]                "w.conditionNum.0":     "101",
[17:16:48-242]                "w.thigh.0":    29,
[17:16:48-242]                "w.tlow.0":     24,
[17:16:48-244]                "c.city":       "鐝犳捣",
[17:16:48-244]                "w.humidity":   82,
[17:16:48-245]                "w.pressure":   991,
[17:16:48-250]                "w.pm10":       12,
[17:16:48-250]                "w.pm25":       12,
[17:16:48-250]                "w.temp":       28,
[17:16:48-250]                "w.conditionNum":       "142"
[17:16:48-250]        },
[17:16:48-250]        "expiration":   26
[17:16:48-274]}_tuya_api_weather_get,283==================>>>>
[17:16:48-274]
[17:16:48-274]
[17:16:48-274]Tue Sep  1 17:16:48 UTC 2026
[17:17:46-332]
[17:17:46-333][***standby_task***]:1975       ==================>>>>
[17:17:46-333]
[17:17:46-333]
[17:17:46-333]
[17:17:46-347][***standby_task***]:1977       ==================>>>>
[17:17:46-348]
[17:17:46-348]
[17:17:46-348]
[17:17:46-349][***standby_task***]:1992       ==================>>>>
[17:17:46-349]
[17:17:46-349]
[17:17:46-350]
[17:17:46-360][***standby_task***]:1997       curr_time:1717 duration_start:0 duration_end:2359,status_get:1
[17:17:48-636]_tuya_api_weather_get,198==================>>>>
[17:17:48-637]
[17:17:48-637]
[17:17:49-452]{
[17:17:49-453]        "data": {
[17:17:49-453]                "w.humidity.0": 85,
[17:17:49-453]                "w.pressure.0": 991,
[17:17:49-454]                "w.pm10.0":     12,
[17:17:49-454]                "w.pm25.0":     12,
[17:17:49-454]                "w.temp.0":     28,
[17:17:49-465]                "w.conditionNum.0":     "101",
[17:17:49-465]                "w.thigh.0":    29,
[17:17:49-465]                "w.tlow.0":     24,
[17:17:49-466]                "c.city":       "鐝犳捣",
[17:17:49-467]                "w.humidity":   82,
[17:17:49-468]                "w.pressure":   991,
[17:17:49-477]                "w.pm10":       12,
[17:17:49-478]                "w.pm25":       12,
[17:17:49-478]                "w.temp":       28,
[17:17:49-479]                "w.conditionNum":       "142"
[17:17:49-479]        },
[17:17:49-479]        "expiration":   25
[17:17:49-490]}_tuya_api_weather_get,283==================>>>>
[17:17:49-490]
[17:17:49-490]
[17:17:49-491]Tue Sep  1 17:17:49 UTC 2026
[17:18:46-387]x鼃忣
[17:18:46-388][***standby_task***]:1975       ==================>>>>
[17:18:46-388]
[17:18:46-388]
[17:18:46-388]
[17:18:46-397][***standby_task***]:1977       ==================>>>>
[17:18:46-398]
[17:18:46-398]
[17:18:46-398]
[17:18:46-398][***standby_task***]:1992       ==================>>>>
[17:18:46-398]
[17:18:46-399]
[17:18:46-399]
[17:18:46-413][***standby_task***]:1997       curr_time:1718 duration_start:0 duration_end:2359,status_get:1
[17:18:49-929]_tuya_api_weather_get,198==================>>>>
[17:18:49-930]
[17:18:49-930]
[17:18:50-870]{
[17:18:50-870]        "data": {
[17:18:50-870]                "w.humidity.0": 85,
[17:18:50-870]                "w.pressure.0": 991,
[17:18:50-871]                "w.pm10.0":     12,
[17:18:50-871]                "w.pm25.0":     12,
[17:18:50-871]                "w.temp.0":     28,
[17:18:50-883]                "w.conditionNum.0":     "101",
[17:18:50-883]                "w.thigh.0":    29,
[17:18:50-883]                "w.tlow.0":     24,
[17:18:50-884]                "c.city":       "鐝犳捣",
[17:18:50-884]                "w.humidity":   82,
[17:18:50-885]                "w.pressure":   991,
[17:18:50-892]                "w.pm10":       12,
[17:18:50-893]                "w.pm25":       12,
[17:18:50-894]                "w.temp":       28,
[17:18:50-895]                "w.conditionNum":       "142"
[17:18:50-896]        },
[17:18:50-897]        "expiration":   24
[17:18:50-928]}_tuya_api_weather_get,283==================>>>>
[17:18:50-928]
[17:18:50-928]
[17:18:50-929]Tue Sep  1 17:18:50 UTC 2026
[17:19:46-465]
[17:19:46-466][***standby_task***]:1975       ==================>>>>
[17:19:46-466]
[17:19:46-466]
[17:19:46-466]
[17:19:46-472][***standby_task***]:1977       ==================>>>>
[17:19:46-472]
[17:19:46-472]
[17:19:46-473]
[17:19:46-473][***standby_task***]:1992       ==================>>>>
[17:19:46-473]
[17:19:46-473]
[17:19:46-473]
[17:19:46-497][***standby_task***]:1997       curr_time:1719 duration_start:0 duration_end:2359,status_get:1
[17:19:50-282]_tuya_api_weather_get,198==================>>>>
[17:19:50-282]
[17:19:50-282]
[17:19:51-305]{
[17:19:51-305]        "data": {
[17:19:51-306]                "w.humidity.0": 85,
[17:19:51-306]                "w.pressure.0": 991,
[17:19:51-307]                "w.pm10.0":     12,
[17:19:51-307]                "w.pm25.0":     12,
[17:19:51-307]                "w.temp.0":     28,
[17:19:51-310]                "w.conditionNum.0":     "101",
[17:19:51-310]                "w.thigh.0":    29,
[17:19:51-311]                "w.tlow.0":     24,
[17:19:51-311]                "c.city":       "鐝犳捣",
[17:19:51-312]                "w.humidity":   82,
[17:19:51-312]                "w.pressure":   991,
[17:19:51-320]                "w.pm10":       12,
[17:19:51-321]                "w.pm25":       12,
[17:19:51-321]                "w.temp":       28,
[17:19:51-321]                "w.conditionNum":       "142"
[17:19:51-322]        },
[17:19:51-322]        "expiration":   23
[17:19:51-344]}_tuya_api_weather_get,283==================>>>>
[17:19:51-344]
[17:19:51-345]
[17:19:51-345]Tue Sep  1 17:19:51 UTC 2026
[17:20:25-442][09-01 17:20:25 ty E][3a34][tuya_svc_lan.c:1587] net recv err fd:30,errno:-20
[17:20:46-545]
[17:20:46-546][***standby_task***]:1975       ==================>>>>
[17:20:46-546]
[17:20:46-546]
[17:20:46-546]
[17:20:46-555][***standby_task***]:1977       ==================>>>>
[17:20:46-555]
[17:20:46-555]
[17:20:46-555]
[17:20:46-556][***standby_task***]:1992       ==================>>>>
[17:20:46-556]
[17:20:46-556]
[17:20:46-556]
[17:20:46-586][***standby_task***]:1997       curr_time:1720 duration_start:0 duration_end:2359,status_get:1
[17:20:51-691]_tuya_api_weather_get,198==================>>>>
[17:20:51-691]
[17:20:51-691]
[17:20:52-862]{
[17:20:52-863]        "data": {
[17:20:52-863]                "w.humidity.0": 85,
[17:20:52-863]                "w.pressure.0": 991,
[17:20:52-863]                "w.pm10.0":     12,
[17:20:52-864]                "w.pm25.0":     12,
[17:20:52-864]                "w.temp.0":     28,
[17:20:52-874]                "w.conditionNum.0":     "101",
[17:20:52-875]                "w.thigh.0":    29,
[17:20:52-875]                "w.tlow.0":     24,
[17:20:52-876]                "c.city":       "鐝犳捣",
[17:20:52-876]                "w.humidity":   82,
[17:20:52-877]                "w.pressure":   991,
[17:20:52-888]                "w.pm10":       12,
[17:20:52-888]                "w.pm25":       12,
[17:20:52-889]                "w.temp":       28,
[17:20:52-889]                "w.conditionNum":       "142"
[17:20:52-889]        },
[17:20:52-890]        "expiration":   22
[17:20:52-905]}_tuya_api_weather_get,283==================>>>>
[17:20:52-905]
[17:20:52-905]
[17:20:52-905]Tue Sep  1 17:20:52 UTC 2026
[17:21:46-635]
[17:21:46-636][***standby_task***]:1975       ==================>>>>
[17:21:46-636]
[17:21:46-636]
[17:21:46-636]
[17:21:46-648][***standby_task***]:1977       ==================>>>>
[17:21:46-648]
[17:21:46-648]
[17:21:46-648]
[17:21:46-649][***standby_task***]:1992       ==================>>>>
[17:21:46-649]
[17:21:46-649]
[17:21:46-649]
[17:21:46-662][***standby_task***]:1997       curr_time:1721 duration_start:0 duration_end:2359,status_get:1
[17:21:52-317]_tuya_api_weather_get,198==================>>>>
[17:21:52-317]
[17:21:52-317]
[17:21:53-501]{
[17:21:53-502]        "data": {
[17:21:53-502]                "w.humidity.0": 85,
[17:21:53-502]                "w.pressure.0": 991,
[17:21:53-503]                "w.pm10.0":     12,
[17:21:53-503]                "w.pm25.0":     12,
[17:21:53-503]                "w.temp.0":     28,
[17:21:53-512]                "w.conditionNum.0":     "101",
[17:21:53-512]                "w.thigh.0":    29,
[17:21:53-513]                "w.tlow.0":     24,
[17:21:53-513]                "c.city":       "鐝犳捣",
[17:21:53-514]                "w.humidity":   82,
[17:21:53-514]                "w.pressure":   991,
[17:21:53-526]                "w.pm10":       12,
[17:21:53-526]                "w.pm25":       12,
[17:21:53-526]                "w.temp":       28,
[17:21:53-527]                "w.conditionNum":       "142"
[17:21:53-527]        },
[17:21:53-527]        "expiration":   21
[17:21:53-542]}_tuya_api_weather_get,283==================>>>>
[17:21:53-542]
[17:21:53-542]
[17:21:53-543]Tue Sep  1 17:21:53 UTC 2026
[17:22:46-737]
[17:22:46-738][***standby_task***]:1975       ==================>>>>
[17:22:46-738]
[17:22:46-738]
[17:22:46-738]
[17:22:46-746][***standby_task***]:1977       ==================>>>>
[17:22:46-747]
[17:22:46-747]
[17:22:46-747]
[17:22:46-747][***standby_task***]:1992       ==================>>>>
[17:22:46-747]
[17:22:46-747]
[17:22:46-747]
[17:22:46-761][***standby_task***]:1997       curr_time:1722 duration_start:0 duration_end:2359,status_get:1
[17:22:53-917]_tuya_api_weather_get,198==================>>>>
[17:22:53-917]
[17:22:53-917]
[17:22:55-243]{
[17:22:55-243]        "data": {
[17:22:55-244]                "w.humidity.0": 85,
[17:22:55-244]                "w.pressure.0": 991,
[17:22:55-244]                "w.pm10.0":     12,
[17:22:55-244]                "w.pm25.0":     12,
[17:22:55-245]                "w.temp.0":     28,
[17:22:55-255]                "w.conditionNum.0":     "101",
[17:22:55-255]                "w.thigh.0":    29,
[17:22:55-255]                "w.tlow.0":     24,
[17:22:55-257]                "c.city":       "鐝犳捣",
[17:22:55-257]                "w.humidity":   82,
[17:22:55-257]                "w.pressure":   991,
[17:22:55-267]                "w.pm10":       12,
[17:22:55-268]                "w.pm25":       12,
[17:22:55-269]                "w.temp":       28,
[17:22:55-269]                "w.conditionNum":       "142"
[17:22:55-270]        },
[17:22:55-270]        "expiration":   20
[17:22:55-283]}_tuya_api_weather_get,283==================>>>>
[17:22:55-284]
[17:22:55-284]
[17:22:55-284]Tue Sep  1 17:22:55 UTC 2026
[17:23:46-823]
[17:23:46-823][***standby_task***]:1975       ==================>>>>
[17:23:46-823]
[17:23:46-823]
[17:23:46-823]
[17:23:46-835][***standby_task***]:1977       ==================>>>>
[17:23:46-835]
[17:23:46-835]
[17:23:46-835]
[17:23:46-835][***standby_task***]:1992       ==================>>>>
[17:23:46-835]
[17:23:46-835]
[17:23:46-835]
[17:23:46-855][***standby_task***]:1997       curr_time:1723 duration_start:0 duration_end:2359,status_get:1
[17:23:54-649]_tuya_api_weather_get,198==================>>>>
[17:23:54-649]
[17:23:54-649]
[17:23:55-452]{
[17:23:55-452]        "data": {
[17:23:55-452]                "w.humidity.0": 85,
[17:23:55-453]                "w.pressure.0": 991,
[17:23:55-453]                "w.pm10.0":     12,
[17:23:55-453]                "w.pm25.0":     12,
[17:23:55-454]                "w.temp.0":     29,
[17:23:55-459]                "w.conditionNum.0":     "101",
[17:23:55-459]                "w.thigh.0":    29,
[17:23:55-459]                "w.tlow.0":     24,
[17:23:55-460]                "c.city":       "鐝犳捣",
[17:23:55-460]                "w.humidity":   81,
[17:23:55-461]                "w.pressure":   991,
[17:23:55-469]                "w.pm10":       12,
[17:23:55-470]                "w.pm25":       12,
[17:23:55-470]                "w.temp":       29,
[17:23:55-470]                "w.conditionNum":       "101"
[17:23:55-471]        },
[17:23:55-471]        "expiration":   19
[17:23:55-498]}_tuya_api_weather_get,283==================>>>>
[17:23:55-498]
[17:23:55-499]
[17:23:55-499]Tue Sep  1 17:23:55 UTC 2026
[17:24:46-907]
[17:24:46-907][***standby_task***]:1975       ==================>>>>
[17:24:46-907]
[17:24:46-907]
[17:24:46-907]
[17:24:46-918][***standby_task***]:1977       ==================>>>>
[17:24:46-918]
[17:24:46-918]
[17:24:46-918]
[17:24:46-918][***standby_task***]:1992       ==================>>>>
[17:24:46-918]
[17:24:46-918]
[17:24:46-919]
[17:24:46-942][***standby_task***]:1997       curr_time:1724 duration_start:0 duration_end:2359,status_get:1
[17:24:55-870]_tuya_api_weather_get,198==================>>>>
[17:24:55-870]
[17:24:55-870]
[17:24:57-212]{
[17:24:57-213]        "data": {
[17:24:57-213]                "w.humidity.0": 85,
[17:24:57-213]                "w.pressure.0": 991,
[17:24:57-214]                "w.pm10.0":     12,
[17:24:57-214]                "w.pm25.0":     12,
[17:24:57-214]                "w.temp.0":     28,
[17:24:57-226]                "w.conditionNum.0":     "101",
[17:24:57-226]                "w.thigh.0":    29,
[17:24:57-226]                "w.tlow.0":     24,
[17:24:57-227]                "c.city":       "鐝犳捣",
[17:24:57-227]                "w.humidity":   82,
[17:24:57-228]                "w.pressure":   991,
[17:24:57-234]                "w.pm10":       12,
[17:24:57-235]                "w.pm25":       12,
[17:24:57-236]                "w.temp":       28,
[17:24:57-238]                "w.conditionNum":       "142"
[17:24:57-238]        },
[17:24:57-239]        "expiration":   18
[17:24:57-256]}_tuya_api_weather_get,283==================>>>>
[17:24:57-256]
[17:24:57-256]
[17:24:57-257]Tue Sep  1 17:24:57 UTC 2026
[17:25:46-998]
[17:25:46-999][***standby_task***]:1975       ==================>>>>
[17:25:46-999]
[17:25:46-999]
[17:25:46-999]
[17:25:47-007][***standby_task***]:1977       ==================>>>>
[17:25:47-007]
[17:25:47-007]
[17:25:47-007]
[17:25:47-008][***standby_task***]:1992       ==================>>>>
[17:25:47-008]
[17:25:47-008]
[17:25:47-008]
[17:25:47-030][***standby_task***]:1997       curr_time:1725 duration_start:0 duration_end:2359,status_get:1
[17:25:56-595]_tuya_api_weather_get,198==================>>>>
[17:25:56-595]
[17:25:56-595]
[17:25:57-712]{
[17:25:57-712]        "data": {
[17:25:57-712]                "w.humidity.0": 85,
[17:25:57-712]                "w.pressure.0": 991,
[17:25:57-712]                "w.pm10.0":     12,
[17:25:57-712]                "w.pm25.0":     12,
[17:25:57-712]                "w.temp.0":     29,
[17:25:57-724]                "w.conditionNum.0":     "101",
[17:25:57-725]                "w.thigh.0":    29,
[17:25:57-725]                "w.tlow.0":     24,
[17:25:57-726]                "c.city":       "鐝犳捣",
[17:25:57-727]                "w.humidity":   81,
[17:25:57-727]                "w.pressure":   991,
[17:25:57-733]                "w.pm10":       12,
[17:25:57-733]                "w.pm25":       12,
[17:25:57-734]                "w.temp":       29,
[17:25:57-734]                "w.conditionNum":       "101"
[17:25:57-734]        },
[17:25:57-734]        "expiration":   17
[17:25:57-761]}_tuya_api_weather_get,283==================>>>>
[17:25:57-761]
[17:25:57-761]
[17:25:57-761]Tue Sep  1 17:25:57 UTC 2026
[17:26:47-075]
[17:26:47-075][***standby_task***]:1975       ==================>>>>
[17:26:47-075]
[17:26:47-075]
[17:26:47-075]
[17:26:47-087][***standby_task***]:1977       ==================>>>>
[17:26:47-088]
[17:26:47-088]
[17:26:47-088]
[17:26:47-088][***standby_task***]:1992       ==================>>>>
[17:26:47-088]
[17:26:47-088]
[17:26:47-088]
[17:26:47-102][***standby_task***]:1997       curr_time:1726 duration_start:0 duration_end:2359,status_get:1
[17:26:58-181]_tuya_api_weather_get,198==================>>>>
[17:26:58-181]
[17:26:58-181]
[17:26:59-054]{
[17:26:59-055]        "data": {
[17:26:59-055]                "w.humidity.0": 85,
[17:26:59-055]                "w.pressure.0": 991,
[17:26:59-055]                "w.pm10.0":     12,
[17:26:59-056]                "w.pm25.0":     12,
[17:26:59-056]                "w.temp.0":     28,
[17:26:59-067]                "w.conditionNum.0":     "101",
[17:26:59-067]                "w.thigh.0":    29,
[17:26:59-068]                "w.tlow.0":     24,
[17:26:59-068]                "c.city":       "鐝犳捣",
[17:26:59-069]                "w.humidity":   82,
[17:26:59-069]                "w.pressure":   991,
[17:26:59-074]                "w.pm10":       12,
[17:26:59-075]                "w.pm25":       12,
[17:26:59-075]                "w.temp":       28,
[17:26:59-075]                "w.conditionNum":       "142"
[17:26:59-075]        },
[17:26:59-076]        "expiration":   16
[17:26:59-098]}_tuya_api_weather_get,283==================>>>>
[17:26:59-098]
[17:26:59-098]
[17:26:59-099]Tue Sep  1 17:26:59 UTC 2026
[17:27:47-167]
[17:27:47-167][***standby_task***]:1975       ==================>>>>
[17:27:47-168]
[17:27:47-168]
[17:27:47-168]
[17:27:47-176][***standby_task***]:1977       ==================>>>>
[17:27:47-177]
[17:27:47-177]
[17:27:47-177]
[17:27:47-179][***standby_task***]:1992       ==================>>>>
[17:27:47-179]
[17:27:47-179]
[17:27:47-179]
[17:27:47-197][***standby_task***]:1997       curr_time:1727 duration_start:0 duration_end:2359,status_get:1
[17:27:58-433]_tuya_api_weather_get,198==================>>>>
[17:27:58-434]
[17:27:58-434]
[17:27:59-358]{
[17:27:59-358]        "data": {
[17:27:59-359]                "w.humidity.0": 85,
[17:27:59-359]                "w.pressure.0": 991,
[17:27:59-359]                "w.pm10.0":     12,
[17:27:59-359]                "w.pm25.0":     12,
[17:27:59-360]                "w.temp.0":     28,
[17:27:59-370]                "w.conditionNum.0":     "101",
[17:27:59-371]                "w.thigh.0":    29,
[17:27:59-371]                "w.tlow.0":     24,
[17:27:59-372]                "c.city":       "鐝犳捣",
[17:27:59-372]                "w.humidity":   82,
[17:27:59-372]                "w.pressure":   991,
[17:27:59-381]                "w.pm10":       12,
[17:27:59-381]                "w.pm25":       12,
[17:27:59-382]                "w.temp":       28,
[17:27:59-382]                "w.conditionNum":       "142"
[17:27:59-382]        },
[17:27:59-382]        "expiration":   15
[17:27:59-399]}_tuya_api_weather_get,283==================>>>>
[17:27:59-399]
[17:27:59-400]
[17:27:59-400]Tue Sep  1 17:27:59 UTC 2026
[17:28:12-198]
[17:28:12-198]> 
[17:28:12-336]> 
[17:28:12-336]> 
[17:28:12-491]> 
[17:28:12-491]> 
[17:28:12-653]> 
[17:28:12-654]> 
[17:28:13-644]> -sh: syntax error: unterminated quoted string
[17:28:16-251][root@anyka ~]$ ls /mnt/tf
[17:28:16-279]SAT_ANYKAOS_08280943       msg_record
[17:28:16-279]System Volume Information  music
[17:28:16-294]alarm_record               photo
[17:28:16-295]call_record                picture
[17:28:16-311]motion_record              video
[17:28:16-311][root@anyka ~]$ 
[17:28:22-808][root@anyka ~]$ ls /app/data/
[17:28:22-809]SAT_ANYKAOS_08280944  tuya_key              wpa_supplicant.conf
[17:28:22-835]tuya_cache            user_data.cfg
[17:28:22-835][root@anyka ~]$ 
[17:28:32-498][root@anyka ~]$ reboot
[17:28:32-527][root@anyka ~]$ 
[17:28:32-589][root@anyka ~]$ umount: can't remount /dev/mtdblock10 read-only
[17:28:32-590]umount: /dev/mtdblock9 busy - remounted read-only
[17:28:32-602]umount: /dev/mtdblock8 busy - remounted read-only
[17:28:32-603]umount: can't remount tmpfs read-only
[17:28:32-603]umount: tmpfs busy - remounted read-only
[17:28:32-617]umount: devtmpfs busy - remounted read-only
[17:28:32-618]The system is going down NOW!
[17:28:32-618]udpsvd: got signal 15, exit
[17:28:32-618]Sent SIGTERM to all processes
[17:28:33-625]Sent SIGKILL to all processes
[17:28:33-626]Requesting system reboot
[17:28:34-637]reboot: Restarting system
[17:28:34-676]A
[17:28:34-676]
[17:28:34-676]U-Boot 2013.10.0-V3.1.32 (Oct 19 2024 - 08:20:23)
[17:28:34-676]
[17:28:34-677]LCD panel info: 1024 x 600, 24 bit/pix
[17:28:34-677]leo:uboot display lcd logo!
[17:28:34-695]DRAM:  128 MiB
[17:28:34-729]SF: Detected xm25qh128c with page size 256 Bytes, erase size 4 KiB, total 16 MiB
[17:28:34-729]16 MiB
[17:28:34-756]SF: Detected xm25qh128c with page size 256 Bytes, erase size 4 KiB, total 16 MiB
[17:28:34-839]SF: Detected xm25qh128c with page size 256 Bytes, erase size 4 KiB, total 16 MiB
[17:28:34-839]sd detect gpio mode:85!
[17:28:34-840]mmc_sd: 0
[17:28:34-879]SF: Detected xm25qh128c with page size 256 Bytes, erase size 4 KiB, total 16 MiB
[17:28:34-879]jpg:w=1024,h=600 
[17:28:35-817]cdh:drv_lcd_init, @@line:448,logo_data:87784460
[17:28:35-817]cdh:drv_lcd_init, @@line:455
[17:28:35-817][LCD] Initializing LCD frambuffer at 82600000
[17:28:35-845]cdh:ak_lcd_parameter_parse_dt1, line:140, get panel_info->name:adt,Adt07029bm30-08_IPS, node_sta:0x36cc OK!!!
[17:28:35-958], get dtb and parse lcd parameter pin :34   level:1!
[17:28:35-997]asic pll is 500MHz!
[17:28:35-997][2013]reset_pin:1
[17:28:36-060]reset_pin:0
[17:28:36-060]reset_pin:1
[17:28:36-457]cdh:drv_lcd_init, @@line:457
[17:28:36-459]In:    serial
[17:28:36-460]Out:   serial
[17:28:36-460]Err:   serial
[17:28:36-461]Net:   eth-0, eth-1
[17:28:36-471]SF: Detected xm25qh128c with page size 256 Bytes, erase size 4 KiB, total 16 MiB
[17:28:36-471]incorrect device type in FAT
[17:28:36-471]Find part FAT failed.
[17:28:36-471]** Bad device spi 0 **
[17:28:36-496]MMC: detect card present
[17:28:36-497]ak_mmc_board_init,733
[17:28:36-497]sd2 share pin!!!!!
[17:28:36-724]mmc_start_init: init OK!
[17:28:36-726]cdh:sd card, mmc->capacity_user:0x1d2000000 blocks!
[17:28:36-727]cdh:mmc->capacity:0x1d2000000 !
[17:28:36-763]cdh:mmc->card_caps:0x100, MODE HS fail!
[17:28:36-763]cdh:test_part_dos read ok!
[17:28:36-763]cdh:test_part_dos DOS_PART_MAGIC_OFFSET ok!
[17:28:36-786]cdh:test_part_dos DOS_MBR ok!
[17:28:36-786]reading SAT_ANYKA_3761E.IMG
[17:28:36-786]** Unable to read file SAT_ANYKA_3761E.IMG **
[17:28:36-807]** Unable to read upgrade file SAT_ANYKA_3761E.IMG **
[17:28:36-807]The upgrade package is not detected and exits!!!
[17:28:36-852]
[17:28:36-852]Hit any key to stop autoboot:  1 
[17:28:37-853] 0 
[17:28:37-855]SF: Detected xm25qh128c with page size 256 Bytes, erase size 4 KiB, total 16 MiB
[17:28:37-865]KERNEL: size:0x001a9000, offset:0x00092000
[17:28:37-918]
[17:28:37-919]SF: 1740800 bytes @ 0x92000 Read: OK
[17:28:37-919]## Booting kernel from Legacy Image at 80008000 ...
[17:28:37-930]   Image Name:   Linux-4.4.192V2.4
[17:28:37-930]   Image Type:   ARM Linux Kernel Image (uncompressed)
[17:28:37-930]   Data Size:    1648232 Bytes = 1.6 MiB
[17:28:37-931]   Load Address: 80008000
[17:28:37-952]   Entry Point:  80008040
[17:28:38-139]   Verifying Checksum ... OK
[17:28:38-139]   XIP Kernel Image ... OK
[17:28:38-139]   kernel loaded at 0x80008000, end = 0x8019a668
[17:28:38-139]using: FDT
[17:28:38-168]
[17:28:38-168]Starting kernel ...
[17:28:38-168]
[17:28:39-249]Uncompressing Linux... done, booting the kernel.
[17:28:39-478]Booting Linux on physical CPU 0x0
[17:28:39-485]Linux version 4.4.192V2.4 (root@link-virtual-machine) (gcc version 4.9.4 (Buildroot 2018.02.7_V1.0.03-g9ff3371) ) #12 Fri Oct 25 16:20:36 CST 2024
[17:28:39-486]CPU: ARM926EJ-S [41069265] revision 5 (ARMv5TEJ), cr=0005317f
[17:28:39-500]CPU: VIVT data cache, VIVT instruction cache
[17:28:39-500]Machine model: EVB_CBDM_AK3760E_V1.0.1 board
[17:28:39-518]Reserved memory: created CMA memory pool at 0x83800000, size 16 MiB
[17:28:39-519]Reserved memory: initialized node cma_reserved@0x83800000, compatible id shared-dma-pool
[17:28:39-528]Memory policy: Data cache writeback
[17:28:39-528]ANYKA CPU AK37XXE (ID 0x201902)
[17:28:39-547]Built 1 zonelists in Zone order, mobility grouping on.  Total pages: 32512
[17:28:39-548]Kernel command line: console=ttySAK0,115200n8 root=/dev/mtdblock6 rootfstype=squashfs init=/sbin/init mtdparts=spi0.0:500K@0x0(UBOOT),4K@0x7D000(ENV),4K@0x7E000(ENVBK),76K@0x7F000(DTB),1700K@0x92000(KERNEL),200K@0x23B000(LOGO),2500K@0x26D000(ROOTFS),300K@0x4DE000(CONFIG),3200K@0x529000(USR),5000K@0x849000(APP),2900K@0xD2B000(DATA) mem=128M memsize=128M
[17:28:39-587]PID hash table entries: 512 (order: -1, 2048 bytes)
[17:28:39-587]Dentry cache hash table entries: 16384 (order: 4, 65536 bytes)
[17:28:39-596]Inode-cache hash table entries: 8192 (order: 3, 32768 bytes)
[17:28:39-610]Memory: 71556K/131072K available (3238K kernel code, 129K rwdata, 1032K rodata, 144K init, 189K bss, 43132K reserved, 16384K cma-reserved)
[17:28:39-610]Virtual kernel memory layout:
[17:28:39-610]    vector  : 0xffff0000 - 0xffff1000   (   4 kB)
[17:28:39-619]    fixmap  : 0xffc00000 - 0xfff00000   (3072 kB)
[17:28:39-619]    vmalloc : 0xc8800000 - 0xff800000   ( 880 MB)
[17:28:39-633]    lowmem  : 0xc0000000 - 0xc8000000   ( 128 MB)
[17:28:39-633]    modules : 0xbf000000 - 0xc0000000   (  16 MB)
[17:28:39-633]      .text : 0xc0008000 - 0xc0433efc   (4272 kB)
[17:28:39-649]      .init : 0xc0434000 - 0xc0458000   ( 144 kB)
[17:28:39-649]      .data : 0xc0458000 - 0xc04784b0   ( 130 kB)
[17:28:39-669]       .bss : 0xc04784b0 - 0xc04a7af8   ( 190 kB)
[17:28:39-669]SLUB: HWalign=32, Order=0-3, MinObjects=0, CPUs=1, Nodes=1
[17:28:39-669]NR_IRQS:153
[17:28:39-669]ak37e_clk: CPU(JCLK): 800(Mhz)
[17:28:39-679]ak37e_clk: CPU(HCLK): 400(Mhz)
[17:28:39-679]ak37e_clk: MEMDDR2(DPHY): 400(Mhz)
[17:28:39-679]ak37e_clk: asic pll has inited!
[17:28:39-679]ak37e_clk: ASIC: 500(Mhz)
[17:28:39-687]ak37e_clk: VCLK: 250(Mhz)
[17:28:39-688]ak37e_clk: audio_pll update @204800000 m 14 n 63
[17:28:39-691]ak-timer: ak_timer_init
[17:28:39-699]clocksource: ak_cs_timer: mask: 0xffffffff max_cycles: 0xffffffff, max_idle_ns: 159271703898 ns
[17:28:39-713]sched_clock: 32 bits at 12MHz, resolution 83ns, wraps every 178956970966ns
[17:28:39-713]Calibrating delay loop... 398.13 BogoMIPS (lpj=1990656)
[17:28:39-713]pid_max: default: 32768 minimum: 301
[17:28:39-734]Mount-cache hash table entries: 1024 (order: 0, 4096 bytes)
[17:28:39-735]Mountpoint-cache hash table entries: 1024 (order: 0, 4096 bytes)
[17:28:39-747]CPU: Testing write buffer coherency: ok
[17:28:39-747]Setting up static identity map for 0x80008400 - 0x80008458
[17:28:39-747]devtmpfs: initialized
[17:28:39-760]clocksource: jiffies: mask: 0xffffffff max_cycles: 0xffffffff, max_idle_ns: 19112604462750000 ns
[17:28:39-760]futex hash table entries: 256 (order: -1, 3072 bytes)
[17:28:39-768]pinctrl core: initialized pinctrl subsystem
[17:28:39-768]NET: Registered protocol family 16
[17:28:39-783]DMA: preallocated 256 KiB pool for atomic coherent allocations
[17:28:39-784]On-chip L2 memory initialized
[17:28:39-784]ak-pinctrl 20170000.gpio: ak_pinctrl_probe 2052
[17:28:39-796]ak_37e_pinctrl: ak_pinctrl_probe irq: 15
[17:28:39-796]media: Linux media interface: v0.10
[17:28:39-797]Linux video capture interface: v2.00
[17:28:39-808]clocksource: Switched to clocksource ak_cs_timer
[17:28:39-808]NET: Registered protocol family 2
[17:28:39-809]TCP established hash table entries: 1024 (order: 0, 4096 bytes)
[17:28:39-825]TCP bind hash table entries: 1024 (order: 0, 4096 bytes)
[17:28:39-825]TCP: Hash tables configured (established 1024 bind 1024)
[17:28:39-835]UDP hash table entries: 256 (order: 0, 4096 bytes)
[17:28:39-835]UDP-Lite hash table entries: 256 (order: 0, 4096 bytes)
[17:28:39-835]NET: Registered protocol family 1
[17:28:39-852]AK Power Management, (c) 2021 ANYKA
[17:28:39-852]squashfs: version 4.0 (2009/01/31) Phillip Lougher
[17:28:39-852]jffs2: version 2.2. 漏 2001-2006 Red Hat, Inc.
[17:28:39-866]io scheduler noop registered (default)
[17:28:39-866]AKxx uart driver init, (c) 2013 ANYKA
[17:28:39-883]20130000.uart0: ttySAK0 at MMIO 0x20130000 (irq = 10, base_baud = 7812500) is a AK
[17:28:39-884]console [ttySAK0] enabled
[17:28:39-903]loop: module loaded
[17:28:39-903]Start to init Anyka SPI Flash...
[17:28:39-904]init Anyka SPI Nand Flash driver
[17:28:39-921]enter ak_spi_probe..., hw=c79bf6a0, hw->clk=c7a64020
[17:28:39-922]ak37e_clk: reset_module:0xf0008020 @ 5
[17:28:39-922]ak spiflash probe enter.
[17:28:39-923]akspi flash ID: 0x00204018
[17:28:39-936]ak-spiflash spi0.0: xm25qh128c (16384 Kbytes)
[17:28:39-937]11 cmdlinepart partitions found on MTD device spi0.0
[17:28:39-937]Creating 11 MTD partitions on "spi0.0":
[17:28:39-958]0x000000000000-0x00000007d000 : "UBOOT"
[17:28:39-958]0x00000007d000-0x00000007e000 : "ENV"
[17:28:39-958]0x00000007e000-0x00000007f000 : "ENVBK"
[17:28:39-983]0x00000007f000-0x000000092000 : "DTB"
[17:28:39-983]0x000000092000-0x00000023b000 : "KERNEL"
[17:28:39-983]0x00000023b000-0x00000026d000 : "LOGO"
[17:28:40-003]0x00000026d000-0x0000004de000 : "ROOTFS"
[17:28:40-003]0x0000004de000-0x000000529000 : "CONFIG"
[17:28:40-004]0x000000529000-0x000000849000 : "USR"
[17:28:40-023]0x000000849000-0x000000d2b000 : "APP"
[17:28:40-023]0x000000d2b000-0x000001000000 : "DATA"
[17:28:40-023]Init AK SPI Flash finish.
[17:28:40-040]akspi master SPI0 initialize success, use for PIO mode.
[17:28:40-040]i2c /dev entries driver
[17:28:40-040]ak_wdt_init: watchdog register...
[17:28:40-040]NET: Registered protocol family 17
[17:28:40-052]bridge: automatic filtering via arp/ip/ip6tables has been deprecated. Update your scripts to load br_netfilter if you need this.
[17:28:40-082]sctp: Hash tables configured (established 512 bind 1024)
[17:28:40-082]hctosys: unable to open rtc device (rtc0)
[17:28:40-082]ak37e_clk: reset_module:0xf0008020 @ 7
[17:28:40-082]
[17:28:40-111]VFS: Mounted root (squashfs filesystem) readonly on device 31:6.
[17:28:40-111]devtmpfs: mounted
[17:28:40-112]Freeing unused kernel memory: 144K
[17:28:40-380]random: init: uninitialized urandom read (4 bytes read, 9 bits of entropy available)
[17:28:40-502]random: rcS: uninitialized urandom read (4 bytes read, 13 bits of entropy available)
[17:28:40-693]mount all file system...
[17:28:40-693]random: mkdir: uninitialized urandom read (4 bytes read, 18 bits of entropy available)
[17:28:40-715]random: mount: uninitialized urandom read (4 bytes read, 18 bits of entropy available)
[17:28:40-745]random: mkdir: uninitialized urandom read (4 bytes read, 18 bits of entropy available)
[17:28:40-745]random: mkdir: uninitialized urandom read (4 bytes read, 18 bits of entropy available)
[17:28:40-762]random: mkdir: uninitialized urandom read (4 bytes read, 18 bits of entropy available)
[17:28:40-774]random: mkdir: uninitialized urandom read (4 bytes read, 18 bits of entropy available)
[17:28:40-774]**************************
[17:28:40-774]    Love Linux ! ! ! 
[17:28:40-775]**************************
[17:28:40-803]random: hostname: uninitialized urandom read (4 bytes read, 18 bits of entropy available)
[17:28:40-885]random: exe: uninitialized urandom read (4 bytes read, 20 bits of entropy available)
[17:28:40-913]/bin/mount -t squashfs /dev/mtdblock8 /usr
[17:28:40-954]/bin/mount -t jffs2 /dev/mtdblock7 /etc/config
[17:28:41-037]/bin/mount -t squashfs /dev/mtdblock9 /app/app
[17:28:41-037]squashfs: SQUASHFS error: Xattrs in filesystem, these will be ignored
[17:28:41-046]squashfs: SQUASHFS error: unable to read xattr id index table
[17:28:41-095]/bin/mount -t jffs2 /dev/mtdblock10 /app/data
[17:28:41-254]starting mdev...
[17:28:41-518]----------------------SAT---------------------------------
[17:28:41-569]
[17:28:47-555]anyka login: ak_mac Ethernet Driver
[17:28:47-790]ak_mac_probe, line:6201, mac_id:0 
[17:28:47-790]insmod mac device ok
[17:28:48-100]ak_mac_probe, line:6208, mac_id:1 
[17:28:48-100]insmod mac device ok
[17:28:48-550]Mandatory LAR - 10M !
[17:28:48-550]No Link
[17:28:48-580]setting up the cable unplug timer0 for mac0
[17:28:48-634]妫€鏌aradc鑺傜偣鐘舵€佽妭鐐圭姸鎬佷负okay,鎻掑叆ak_saradc妯″潡
[17:28:48-704]ak_uio: register uio device successfully with irq: 26!
[17:28:48-738]ak_uio: register uio device successfully with irq: 23!
[17:28:51-478]/usr/sbin/main.sh: line 108: /usr/sbin/screen.sh: not found
[17:28:51-506]udhcpc: started, v1.30.1
[17:28:51-596]udhcpc: sending discover
[17:28:51-922]Successfully initialized wpa_supplicant
[17:28:52-282]rfkill: Cannot open RFKILL control device
[17:28:52-522]fsync: /fat32/: Invalid argument
[17:28:52-544]udpsvd: listening on 0.0.0.0:69, starting
[17:28:52-576]SD card inserted, starting to mount /dev/mmcblk0p1
[17:28:52-603]SD card mounted on /mnt/tf.
[17:28:52-651]Upgrade package exists, check upgrade
[17:28:52-651]Not upgraded,starting upgrade SAT_ANYKAOS_08280943...
[17:28:53-077]EVB_CBDM_AK3760E_V1.0.1.dtb
[17:28:53-107]anyka_logo.rgb
[17:28:53-121]app.sqsh4
[17:28:54-152]update.sh
[17:28:54-153]upgrade_progress
[17:28:54-284]ak_fb: fb reset pin 34,active 1
[17:28:54-285]ak_fb: fb power pin 36,value 1,active 1
[17:28:54-285]ak_fb: fb backlight pin 82,value 1,active 1
[17:28:54-298]ak_fb: ak_fb_probe irq: 25
[17:28:54-298]lcd ctrl has inited!
[17:28:54-314]ak_fb: alloc lcdc mipi_panel_init
[17:28:54-314]ak_fb: peri_rate :500 
[17:28:54-314]ak_fb: pclk 45 factor 281 
[17:28:54-336]ak_fb: framebuffer address: 0x83900000, size:3717888
[17:28:54-363]ak_fb: fb0: ak-lcd frame buffer init done
[17:28:54-364]X:1024  Y:600  bbp:24  
[17:28:54-612]udhcpc: sending discover
[17:28:55-091]check update.tar.gz
[17:28:55-091]check update image
[17:28:55-092]############ find a target EVB_CBDM_AK3760E_V1.0.1.dtb, update in /tmp ############
[17:28:55-141]killall: tcpsvd: no process killed
[17:28:55-185]killall: ftpd: no process killed
[17:28:55-200]killall: ANYKA37E.BIN: no process killed
[17:28:55-200]PID   USER     TIME  COMMAND
[17:28:55-200]    1 root      0:00 init
[17:28:55-216]    2 root      0:00 [kthreadd]
[17:28:55-217]    3 root      0:00 [ksoftirqd/0]
[17:28:55-217]    4 root      0:00 [kworker/0:0]
[17:28:55-217]    5 root      0:00 [kworker/0:0H]
[17:28:55-225]    6 root      0:00 [kworker/u2:0]
[17:28:55-226]    7 root      0:00 [kdevtmpfs]
[17:28:55-226]    8 root      0:00 [kworker/u2:1]
[17:28:55-226]   96 root      0:00 [writeback]
[17:28:55-234]   98 root      0:00 [crypto]
[17:28:55-234]   99 root      0:00 [bioset]
[17:28:55-234]  101 root      0:00 [kblockd]
[17:28:55-248]  132 root      0:00 [kworker/0:1]
[17:28:55-248]  140 root      0:00 [kswapd0]
[17:28:55-248]  191 root      0:00 [fsnotify_mark]
[17:28:55-248]  225 root      0:00 [bioset]
[17:28:55-253]  228 root      0:00 [bioset]
[17:28:55-254]  231 root      0:00 [bioset]
[17:28:55-254]  234 root      0:00 [bioset]
[17:28:55-255]  237 root      0:00 [bioset]
[17:28:55-263]  240 root      0:00 [bioset]
[17:28:55-264]  243 root      0:00 [bioset]
[17:28:55-264]  246 root      0:00 [bioset]
[17:28:55-264]  256 root      0:00 [spi0]
[17:28:55-264]  260 root      0:00 [bioset]
[17:28:55-285]  265 root      0:00 [bioset]
[17:28:55-285]  270 root      0:00 [bioset]
[17:28:55-286]  275 root      0:00 [bioset]
[17:28:55-286]  280 root      0:00 [bioset]
[17:28:55-296]  285 root      0:00 [bioset]
[17:28:55-296]  290 root      0:00 [bioset]
[17:28:55-296]  295 root      0:00 [bioset]
[17:28:55-296]  300 root      0:00 [bioset]
[17:28:55-302]  305 root      0:00 [bioset]
[17:28:55-304]  310 root      0:00 [bioset]
[17:28:55-305]  329 root      0:00 [deferwq]
[17:28:55-305]  330 root      0:00 [kworker/0:1H]
[17:28:55-313]  354 root      0:00 [jffs2_gcd_mtd7]
[17:28:55-313]  369 root      0:00 [jffs2_gcd_mtd10]
[17:28:55-313]  381 root      0:00 /sbin/getty -L ttySAK0 115200 vt100
[17:28:55-319]  384 root      0:00 [klogd]
[17:28:55-319]  386 root      0:00 /usr/sbin/telnetd
[17:28:55-319]  427 root      0:00 [kworker/u2:2]
[17:28:55-333]  433 root      0:00 [kworker/0:2]
[17:28:55-333]  438 root      0:00 [bioset]
[17:28:55-334]  439 root      0:00 [mmcqd/1]
[17:28:55-334]  463 root      0:00 [kworkqueue_ts]
[17:28:55-343]  472 root      0:00 [cfg80211]
[17:28:55-343]  476 root      0:00 [hisi_frw]
[17:28:55-343]  478 root      0:00 [hisi_hcc_tx]
[17:28:55-344]  479 root      0:00 [hisi_hcc_rx]
[17:28:55-357]  480 root      0:00 [ksdioirqd/mmc0]
[17:28:55-357]  481 root      0:00 [wlan_pm_wq]
[17:28:55-357]  500 root      0:00 [usb_otg_wq]
[17:28:55-364]  513 root      0:00 [udhcpc]
[17:28:55-365]  516 root      0:00 [kworker/0:3]
[17:28:55-366]  530 root      0:00 wpa_supplicant -Dnl80211 -i wlan0 -c /etc/config/wpa_suppl
[17:28:55-377]  535 root      0:00 udpsvd -vE -V /usr/sbin/tftp_detect.sh 0 69 tftpd -c /mnt/
[17:28:55-387]  537 root      0:00 {app.sh} /bin/sh /tmp/app.sh
[17:28:55-387]  551 root      0:00 {update.sh} /bin/sh /tmp/update.sh SAT_ANYKAOS_08280943
[17:28:55-402]  553 root      0:00 /tmp/upgrade_progress 11 0
[17:28:55-402]  577 root      0:00 ps
[17:28:55-402]Kill -9 386
[17:28:55-402]Kill -9 535
[17:28:55-402]mkdir -p /tmp/rootfstmp
[17:28:55-402]umount /tmp/rootfstmp
[17:28:55-419]umount: can't unmount /tmp/rootfstmp: Invalid argument
[17:28:55-420]check busybox tar
[17:28:55-420]dd if=/dev/root of=/dev/rootfstmp
[17:28:56-075]5000+0 records in
[17:28:56-075]5000+0 records out
[17:28:56-075]2560000 bytes (2.4MB) copied, 0.769987 seconds, 3.2MB/s
[17:28:56-091]mount /dev/rootfstmp /tmp/rootfstmp
[17:28:56-113]'/tmp/bc' -> '/tmp/rootfstmp/bin/busybox'
[17:28:56-113]'/tmp/awk' -> '/tmp/rootfstmp/bin/busybox'
[17:28:56-128]'/tmp/expr' -> '/tmp/rootfstmp/bin/busybox'
[17:28:56-128]'/tmp/md5sum' -> '/tmp/rootfstmp/bin/busybox'
[17:28:56-128]export HOME='/'
[17:28:56-128]export LD_LIBRARY_PATH='/tmp/rootfstmp/lib'
[17:28:56-137]export PATH='/tmp/rootfstmp/bin:/tmp/rootfstmp/sbin:/tmp/rootfstmp/usr/bin:/tmp/rootfstmp/usr/sbin:/tmp'
[17:28:56-137]export PWD='/'
[17:28:56-151]export QWS_MOUSE_PROTO='tslib:/dev/input/event0'
[17:28:56-152]export SHELL='/bin/sh'
[17:28:56-152]export SHLVL='5'
[17:28:56-152]export TERM='vt102'
[17:28:56-165]export TSLIB_CALIBFILE='/etc/pointercal'
[17:28:56-166]export TSLIB_CONFFILE='/etc/ts.conf'
[17:28:56-166]export TSLIB_CONSOLEDEVICE='none'
[17:28:56-166]export TSLIB_FBDEVICE='/dev/fb0'
[17:28:56-173]export TSLIB_PLUGINDIR='/usr/lib/ts'
[17:28:56-175]export TSLIB_TSDEVICE='/dev/input/event0'
[17:28:56-175]export TSLIB_TSEVEVTTYPE='input'
[17:28:56-176]export USER='root'
[17:28:56-194]export memsize='128M'
[17:28:56-194]export prevlevel='N'
[17:28:56-194]export runlevel='S'
[17:28:56-489]############ START UPDATE. #############
[17:28:56-490]############ NMONT APP. #############
[17:28:59-492]/tmp/rootfstmp/bin/umount /app/app
[17:28:59-753]DEC_SIZE_FILE=62904
[17:28:59-753]HEX_SIZE_PARTITION=00013000
[17:28:59-753]DEC_SIZE_PARTITION=77824
[17:28:59-753]HEX_SIZE_ERASE=00001000
[17:28:59-753]DEC_SIZE_ERASE=4096
[17:28:59-761]NUM_BLOCK_PARTITION=19
[17:28:59-804]MOD_BLOCK_FILE=1464
[17:28:59-804]NUM_BLOCK_FILE=16
[17:28:59-804]NUM_BLOCK_ZERO=3
[17:28:59-804]/tmp/mtd_debug erase /dev/mtd3 0x0 0x00013000
[17:29:00-112]Erased 77824 bytes from address 0x00000000 in flash
[17:29:00-113]/tmp/rootfstmp/bin/sync
[17:29:00-143]/tmp/rootfstmp/bin/dd if=/tmp/EVB_CBDM_AK3760E_V1.0.1.dtb of=/dev/mtdblock3 bs=4096 count=16 conv=fsync
[17:29:00-943]15+1 records in
[17:29:00-944]15+1 records out
[17:29:00-945]62904 bytes (61.4KB) copied, 0.814189 seconds, 75.4KB/s
[17:29:00-965]/tmp/rootfstmp/bin/sync
[17:29:01-187]DEC_SIZE_FILE=22981
[17:29:01-216]HEX_SIZE_PARTITION=00032000
[17:29:01-216]DEC_SIZE_PARTITION=204800
[17:29:01-216]HEX_SIZE_ERASE=00001000
[17:29:01-216]DEC_SIZE_ERASE=4096
[17:29:01-216]NUM_BLOCK_PARTITION=50
[17:29:01-231]MOD_BLOCK_FILE=2501
[17:29:01-231]NUM_BLOCK_FILE=6
[17:29:01-247]NUM_BLOCK_ZERO=44
[17:29:01-247]/tmp/mtd_debug erase /dev/mtd5 0x0 0x00032000
[17:29:02-363]Erased 204800 bytes from address 0x00000000 in flash
[17:29:02-364]/tmp/rootfstmp/bin/sync
[17:29:02-380]/tmp/rootfstmp/bin/dd if=/tmp/anyka_logo.rgb of=/dev/mtdblock5 bs=4096 count=6 conv=fsync
[17:29:02-689]5+1 records in
[17:29:02-689]5+1 records out
[17:29:02-689]22981 bytes (22.4KB) copied, 0.316924 seconds, 70.8KB/s
[17:29:02-703]/tmp/rootfstmp/bin/sync
[17:29:02-970]DEC_SIZE_FILE=4808704
[17:29:02-970]HEX_SIZE_PARTITION=004E2000
[17:29:02-971]DEC_SIZE_PARTITION=5120000
[17:29:02-971]HEX_SIZE_ERASE=00001000
[17:29:02-971]DEC_SIZE_ERASE=4096
[17:29:02-999]NUM_BLOCK_PARTITION=1250
[17:29:02-999]MOD_BLOCK_FILE=0
[17:29:02-999]NUM_BLOCK_FILE=1174
[17:29:02-999]NUM_BLOCK_ZERO=76
[17:29:03-020]/tmp/mtd_debug erase /dev/mtd9 0x0 0x004E2000
[17:29:19-699]Erased 5120000 bytes from address 0x00000000 in flash
[17:29:19-700]/tmp/rootfstmp/bin/sync
[17:29:19-731]/tmp/rootfstmp/bin/dd if=/tmp/app.sqsh4 of=/dev/mtdblock9 bs=4096 count=1174 conv=fsync
[17:30:18-810]1174+0 records in
[17:30:18-810]1174+0 records out
[17:30:18-811]4808704 bytes (4.6MB) copied, 59.096125 seconds, 79.5KB/s
[17:30:18-825]/tmp/rootfstmp/bin/sync
[17:30:19-882]############ data.jffs2 EXIST  #############
[17:30:19-917]############ TOUCH /app/data/SAT_ANYKAOS_08280943  #############
[17:30:19-918]############ update success, reboot now #############
[17:30:20-927]/tmp/rootfstmp/sbin/reboot -f
[17:30:20-927]reboot: Restarting system
[17:30:20-976]A
[17:30:20-976]
[17:30:20-976]U-Boot 2013.10.0-V3.1.32 (Oct 19 2024 - 08:20:23)
[17:30:20-976]
[17:30:20-977]LCD panel info: 1024 x 600, 24 bit/pix
[17:30:20-977]leo:uboot display lcd logo!
[17:30:20-999]DRAM:  128 MiB
[17:30:21-039]SF: Detected xm25qh128c with page size 256 Bytes, erase size 4 KiB, total 16 MiB
[17:30:21-040]16 MiB
[17:30:21-047]SF: Detected xm25qh128c with page size 256 Bytes, erase size 4 KiB, total 16 MiB
[17:30:21-144]SF: Detected xm25qh128c with page size 256 Bytes, erase size 4 KiB, total 16 MiB
[17:30:21-144]sd detect gpio mode:85!
[17:30:21-144]mmc_sd: 0
[17:30:21-164]SF: Detected xm25qh128c with page size 256 Bytes, erase size 4 KiB, total 16 MiB
[17:30:21-173]jpg:w=1024,h=600 
[17:30:22-143]cdh:drv_lcd_init, @@line:448,logo_data:87784460
[17:30:22-143]cdh:drv_lcd_init, @@line:455
[17:30:22-143][LCD] Initializing LCD frambuffer at 82600000
[17:30:22-172]cdh:ak_lcd_parameter_parse_dt1, line:140, get panel_info->name:adt,Adt07029bm30-08_IPS, node_sta:0x36cc OK!!!
[17:30:22-280], get dtb and parse lcd parameter pin :34   level:1!
[17:30:22-324]asic pll is 500MHz!
[17:30:22-324][2013]reset_pin:1
[17:30:22-388]reset_pin:0
[17:30:22-389]reset_pin:1
[17:30:22-787]cdh:drv_lcd_init, @@line:457
[17:30:22-787]In:    serial
[17:30:22-787]Out:   serial
[17:30:22-787]Err:   serial
[17:30:22-788]Net:   eth-0, eth-1
[17:30:22-801]SF: Detected xm25qh128c with page size 256 Bytes, erase size 4 KiB, total 16 MiB
[17:30:22-802]incorrect device type in FAT
[17:30:22-802]Find part FAT failed.
[17:30:22-803]** Bad device spi 0 **
[17:30:22-825]MMC: detect card present
[17:30:22-825]ak_mmc_board_init,733
[17:30:22-825]sd2 share pin!!!!!
[17:30:23-038]mmc_start_init: init OK!
[17:30:23-038]cdh:sd card, mmc->capacity_user:0x1d2000000 blocks!
[17:30:23-038]cdh:mmc->capacity:0x1d2000000 !
[17:30:23-093]cdh:mmc->card_caps:0x100, MODE HS fail!
[17:30:23-093]cdh:test_part_dos read ok!
[17:30:23-093]cdh:test_part_dos DOS_PART_MAGIC_OFFSET ok!
[17:30:23-123]cdh:test_part_dos DOS_MBR ok!
[17:30:23-126]reading SAT_ANYKA_3761E.IMG
[17:30:23-127]** Unable to read file SAT_ANYKA_3761E.IMG **
[17:30:23-132]** Unable to read upgrade file SAT_ANYKA_3761E.IMG **
[17:30:23-133]The upgrade package is not detected and exits!!!
[17:30:23-181]
[17:30:23-181]Hit any key to stop autoboot:  1 
[17:30:24-179] 0 
[17:30:24-180]SF: Detected xm25qh128c with page size 256 Bytes, erase size 4 KiB, total 16 MiB
[17:30:24-192]KERNEL: size:0x001a9000, offset:0x00092000
[17:30:24-245]
[17:30:24-246]SF: 1740800 bytes @ 0x92000 Read: OK
[17:30:24-246]## Booting kernel from Legacy Image at 80008000 ...
[17:30:24-260]   Image Name:   Linux-4.4.192V2.4
[17:30:24-260]   Image Type:   ARM Linux Kernel Image (uncompressed)
[17:30:24-260]   Data Size:    1648232 Bytes = 1.6 MiB
[17:30:24-260]   Load Address: 80008000
[17:30:24-285]   Entry Point:  80008040
[17:30:24-472]   Verifying Checksum ... OK
[17:30:24-472]   XIP Kernel Image ... OK
[17:30:24-472]   kernel loaded at 0x80008000, end = 0x8019a668
[17:30:24-472]using: FDT
[17:30:24-486]
[17:30:24-486]Starting kernel ...
[17:30:24-486]
[17:30:25-580]Uncompressing Linux... done, booting the kernel.
[17:30:25-817]Booting Linux on physical CPU 0x0
[17:30:25-830]Linux version 4.4.192V2.4 (root@link-virtual-machine) (gcc version 4.9.4 (Buildroot 2018.02.7_V1.0.03-g9ff3371) ) #12 Fri Oct 25 16:20:36 CST 2024
[17:30:25-830]CPU: ARM926EJ-S [41069265] revision 5 (ARMv5TEJ), cr=0005317f
[17:30:25-838]CPU: VIVT data cache, VIVT instruction cache
[17:30:25-838]Machine model: EVB_CBDM_AK3760E_V1.0.1 board
[17:30:25-849]Reserved memory: created CMA memory pool at 0x83800000, size 16 MiB
[17:30:25-849]Reserved memory: initialized node cma_reserved@0x83800000, compatible id shared-dma-pool
[17:30:25-864]Memory policy: Data cache writeback
[17:30:25-864]ANYKA CPU AK37XXE (ID 0x201902)
[17:30:25-880]Built 1 zonelists in Zone order, mobility grouping on.  Total pages: 32512
[17:30:25-895]Kernel command line: console=ttySAK0,115200n8 root=/dev/mtdblock6 rootfstype=squashfs init=/sbin/init mtdparts=spi0.0:500K@0x0(UBOOT),4K@0x7D000(ENV),4K@0x7E000(ENVBK),76K@0x7F000(DTB),1700K@0x92000(KERNEL),200K@0x23B000(LOGO),2500K@0x26D000(ROOTFS),300K@0x4DE000(CONFIG),3200K@0x529000(USR),5000K@0x849000(APP),2900K@0xD2B000(DATA) mem=128M memsize=128M
[17:30:25-916]PID hash table entries: 512 (order: -1, 2048 bytes)
[17:30:25-917]Dentry cache hash table entries: 16384 (order: 4, 65536 bytes)
[17:30:25-930]Inode-cache hash table entries: 8192 (order: 3, 32768 bytes)
[17:30:25-944]Memory: 71556K/131072K available (3238K kernel code, 129K rwdata, 1032K rodata, 144K init, 189K bss, 43132K reserved, 16384K cma-reserved)
[17:30:25-945]Virtual kernel memory layout:
[17:30:25-945]    vector  : 0xffff0000 - 0xffff1000   (   4 kB)
[17:30:25-959]    fixmap  : 0xffc00000 - 0xfff00000   (3072 kB)
[17:30:25-959]    vmalloc : 0xc8800000 - 0xff800000   ( 880 MB)
[17:30:25-970]    lowmem  : 0xc0000000 - 0xc8000000   ( 128 MB)
[17:30:25-970]    modules : 0xbf000000 - 0xc0000000   (  16 MB)
[17:30:25-970]      .text : 0xc0008000 - 0xc0433efc   (4272 kB)
[17:30:25-983]      .init : 0xc0434000 - 0xc0458000   ( 144 kB)
[17:30:25-983]      .data : 0xc0458000 - 0xc04784b0   ( 130 kB)
[17:30:26-001]       .bss : 0xc04784b0 - 0xc04a7af8   ( 190 kB)
[17:30:26-001]SLUB: HWalign=32, Order=0-3, MinObjects=0, CPUs=1, Nodes=1
[17:30:26-001]NR_IRQS:153
[17:30:26-002]ak37e_clk: CPU(JCLK): 800(Mhz)
[17:30:26-015]ak37e_clk: CPU(HCLK): 400(Mhz)
[17:30:26-015]ak37e_clk: MEMDDR2(DPHY): 400(Mhz)
[17:30:26-015]ak37e_clk: asic pll has inited!
[17:30:26-015]ak37e_clk: ASIC: 500(Mhz)
[17:30:26-025]ak37e_clk: VCLK: 250(Mhz)
[17:30:26-026]ak37e_clk: audio_pll update @204800000 m 14 n 63
[17:30:26-027]ak-timer: ak_timer_init
[17:30:26-037]clocksource: ak_cs_timer: mask: 0xffffffff max_cycles: 0xffffffff, max_idle_ns: 159271703898 ns
[17:30:26-051]sched_clock: 32 bits at 12MHz, resolution 83ns, wraps every 178956970966ns
[17:30:26-051]Calibrating delay loop... 398.13 BogoMIPS (lpj=1990656)
[17:30:26-051]pid_max: default: 32768 minimum: 301
[17:30:26-067]Mount-cache hash table entries: 1024 (order: 0, 4096 bytes)
[17:30:26-067]Mountpoint-cache hash table entries: 1024 (order: 0, 4096 bytes)
[17:30:26-079]CPU: Testing write buffer coherency: ok
[17:30:26-079]Setting up static identity map for 0x80008400 - 0x80008458
[17:30:26-079]devtmpfs: initialized
[17:30:26-092]clocksource: jiffies: mask: 0xffffffff max_cycles: 0xffffffff, max_idle_ns: 19112604462750000 ns
[17:30:26-092]futex hash table entries: 256 (order: -1, 3072 bytes)
[17:30:26-105]pinctrl core: initialized pinctrl subsystem
[17:30:26-106]NET: Registered protocol family 16
[17:30:26-125]DMA: preallocated 256 KiB pool for atomic coherent allocations
[17:30:26-126]On-chip L2 memory initialized
[17:30:26-126]ak-pinctrl 20170000.gpio: ak_pinctrl_probe 2052
[17:30:26-136]ak_37e_pinctrl: ak_pinctrl_probe irq: 15
[17:30:26-137]media: Linux media interface: v0.10
[17:30:26-137]Linux video capture interface: v2.00
[17:30:26-146]clocksource: Switched to clocksource ak_cs_timer
[17:30:26-147]NET: Registered protocol family 2
[17:30:26-148]TCP established hash table entries: 1024 (order: 0, 4096 bytes)
[17:30:26-161]TCP bind hash table entries: 1024 (order: 0, 4096 bytes)
[17:30:26-161]TCP: Hash tables configured (established 1024 bind 1024)
[17:30:26-172]UDP hash table entries: 256 (order: 0, 4096 bytes)
[17:30:26-172]UDP-Lite hash table entries: 256 (order: 0, 4096 bytes)
[17:30:26-173]NET: Registered protocol family 1
[17:30:26-187]AK Power Management, (c) 2021 ANYKA
[17:30:26-187]squashfs: version 4.0 (2009/01/31) Phillip Lougher
[17:30:26-188]jffs2: version 2.2. 漏 2001-2006 Red Hat, Inc.
[17:30:26-203]io scheduler noop registered (default)
[17:30:26-203]AKxx uart driver init, (c) 2013 ANYKA
[17:30:26-230]20130000.uart0: ttySAK0 at MMIO 0x20130000 (irq = 10, base_baud = 7812500) is a AK
[17:30:26-230]console [ttySAK0] enabled
[17:30:26-246]loop: module loaded
[17:30:26-246]Start to init Anyka SPI Flash...
[17:30:26-246]init Anyka SPI Nand Flash driver
[17:30:26-262]enter ak_spi_probe..., hw=c79b76a0, hw->clk=c7a4e020
[17:30:26-262]ak37e_clk: reset_module:0xf0008020 @ 5
[17:30:26-262]ak spiflash probe enter.
[17:30:26-262]akspi flash ID: 0x00204018
[17:30:26-278]ak-spiflash spi0.0: xm25qh128c (16384 Kbytes)
[17:30:26-279]11 cmdlinepart partitions found on MTD device spi0.0
[17:30:26-279]Creating 11 MTD partitions on "spi0.0":
[17:30:26-295]0x000000000000-0x00000007d000 : "UBOOT"
[17:30:26-295]0x00000007d000-0x00000007e000 : "ENV"
[17:30:26-295]0x00000007e000-0x00000007f000 : "ENVBK"
[17:30:26-315]0x00000007f000-0x000000092000 : "DTB"
[17:30:26-315]0x000000092000-0x00000023b000 : "KERNEL"
[17:30:26-315]0x00000023b000-0x00000026d000 : "LOGO"
[17:30:26-340]0x00000026d000-0x0000004de000 : "ROOTFS"
[17:30:26-341]0x0000004de000-0x000000529000 : "CONFIG"
[17:30:26-342]0x000000529000-0x000000849000 : "USR"
[17:30:26-359]0x000000849000-0x000000d2b000 : "APP"
[17:30:26-359]0x000000d2b000-0x000001000000 : "DATA"
[17:30:26-359]Init AK SPI Flash finish.
[17:30:26-376]akspi master SPI0 initialize success, use for PIO mode.
[17:30:26-376]i2c /dev entries driver
[17:30:26-376]ak_wdt_init: watchdog register...
[17:30:26-376]NET: Registered protocol family 17
[17:30:26-390]bridge: automatic filtering via arp/ip/ip6tables has been deprecated. Update your scripts to load br_netfilter if you need this.
[17:30:26-419]sctp: Hash tables configured (established 512 bind 1024)
[17:30:26-420]hctosys: unable to open rtc device (rtc0)
[17:30:26-420]ak37e_clk: reset_module:0xf0008020 @ 7
[17:30:26-420]
[17:30:26-447]VFS: Mounted root (squashfs filesystem) readonly on device 31:6.
[17:30:26-447]devtmpfs: mounted
[17:30:26-447]Freeing unused kernel memory: 144K
[17:30:26-728]random: init: uninitialized urandom read (4 bytes read, 9 bits of entropy available)
[17:30:26-835]random: rcS: uninitialized urandom read (4 bytes read, 13 bits of entropy available)
[17:30:27-035]mount all file system...
[17:30:27-036]random: mkdir: uninitialized urandom read (4 bytes read, 18 bits of entropy available)
[17:30:27-055]random: mount: uninitialized urandom read (4 bytes read, 18 bits of entropy available)
[17:30:27-077]random: mkdir: uninitialized urandom read (4 bytes read, 18 bits of entropy available)
[17:30:27-091]random: mkdir: uninitialized urandom read (4 bytes read, 18 bits of entropy available)
[17:30:27-106]random: mkdir: uninitialized urandom read (4 bytes read, 18 bits of entropy available)
[17:30:27-118]random: mkdir: uninitialized urandom read (4 bytes read, 18 bits of entropy available)
[17:30:27-118]**************************
[17:30:27-119]    Love Linux ! ! ! 
[17:30:27-119]**************************
[17:30:27-131]random: hostname: uninitialized urandom read (4 bytes read, 18 bits of entropy available)
[17:30:27-214]random: exe: uninitialized urandom read (4 bytes read, 20 bits of entropy available)
[17:30:27-257]/bin/mount -t squashfs /dev/mtdblock8 /usr
[17:30:27-304]/bin/mount -t jffs2 /dev/mtdblock7 /etc/config
[17:30:27-382]/bin/mount -t squashfs /dev/mtdblock9 /app/app
[17:30:27-382]squashfs: SQUASHFS error: Xattrs in filesystem, these will be ignored
[17:30:27-397]squashfs: SQUASHFS error: unable to read xattr id index table
[17:30:27-444]/bin/mount -t jffs2 /dev/mtdblock10 /app/data
[17:30:27-581]starting mdev...
[17:30:27-863]----------------------SAT---------------------------------
[17:30:27-909]
[17:30:33-885]anyka login: ak_mac Ethernet Driver
[17:30:34-116]ak_mac_probe, line:6201, mac_id:0 
[17:30:34-116]insmod mac device ok
[17:30:34-444]ak_mac_probe, line:6208, mac_id:1 
[17:30:34-444]insmod mac device ok
[17:30:34-924]Mandatory LAR - 10M !
[17:30:34-924]No Link
[17:30:34-925]setting up the cable unplug timer0 for mac0
[17:30:34-956]妫€鏌aradc鑺傜偣鐘舵€佽妭鐐圭姸鎬佷负okay,鎻掑叆ak_saradc妯″潡
[17:30:35-032]ak_uio: register uio device successfully with irq: 26!
[17:30:35-068]ak_uio: register uio device successfully with irq: 23!
[17:30:37-826]/usr/sbin/main.sh: line 108: /usr/sbin/screen.sh: not found
[17:30:37-856]udhcpc: started, v1.30.1
[17:30:37-933]udhcpc: sending discover
[17:30:38-318]Successfully initialized wpa_supplicant
[17:30:38-624]rfkill: Cannot open RFKILL control device
[17:30:38-854]fsync: /fat32/: Invalid argument
[17:30:38-886]udpsvd: listening on 0.0.0.0:69, starting
[17:30:38-917]SD card inserted, starting to mount /dev/mmcblk0p1
[17:30:38-947]SD card mounted on /mnt/tf.
[17:30:38-995]Upgrade package exists, check upgrade
[17:30:38-995]Upgraded,run app
[17:30:38-995]run flash app
[17:30:39-027]ANYKA37E.BIN is not running, restarting...
[17:30:40-144]
[17:30:40-144][***main***]:164        INDOOR VERSION:Aug 28 2026-09:43:49
[17:30:40-323]find frimware start 
[17:30:40-418]
[17:30:40-421][***user_data_init***]:822      read open /app/data/user_data.cfg fail 
[17:30:40-421]
[17:30:40-439][***network_pairing_init_task***]:647   pairing_mode ,0
[17:30:40-610]WiFi is disconnected.
[17:30:40-952]udhcpc: sending discover
[17:30:42-885]Failed to ping gateway. WiFi connection might be unstable.fail:0
[17:30:42-941]disp_init ==============================>>>134
[17:30:42-953]rmmod: can't unload module 'ak_fb': No such file or directory
[17:30:43-028]ak_fb: fb reset pin 34,active 1
[17:30:43-029]ak_fb: fb power pin 36,value 1,active 1
[17:30:43-029]ak_fb: fb backlight pin 82,value 1,active 1
[17:30:43-039]ak_fb: ak_fb_probe irq: 25
[17:30:43-039]lcd ctrl has inited!
[17:30:43-039]ak_fb: alloc lcdc mipi_panel_init
[17:30:43-039]ak_fb: peri_rate :500 
[17:30:43-039]ak_fb: pclk 45 factor 281 
[17:30:43-082]ak_fb: framebuffer address: 0x83900000, size:3717888
[17:30:43-082]ak_fb: fb0: ak-lcd frame buffer init done
[17:30:43-126]ak_gui_sys_init gui:0xc6e83e10
[17:30:43-126]ak-gui 20040000.gui: ak_gui_dev_probe ok, build:Mar  4 2022,16:34:13
[17:30:43-208]phy:1843200 ,screensize:1843200 smem_len:3686400
[17:30:43-216]fb buffer 1:0xb65bc000,2:0xb677e000 ,phy:2207252480 ,2:2209095680 smem_len:3686400
[17:30:43-217]The framebuffer device was mapped to memory successfully.:0xb6364000
[17:30:43-248]***** refresh screen task create sccess ! *****
[17:30:43-420]
[17:30:43-420][***_umount_mnt***]:156         umount -l /mnt/tf
[17:30:43-438]
[17:30:43-438][***scan_media_file***]:[953]:17823ms   /mnt/tf/photo/ non-existent 
[17:30:43-438]
[17:30:43-452][***scan_media_file***]:[959]:17823ms   /mnt/tf/video/ non-existent 
[17:30:43-452]
[17:30:43-474][***scan_media_file***]:[965]:17830ms   /mnt/tf/music/ non-existent 
[17:30:43-474]
[17:30:43-475][***scan_media_file***]:[971]:17837ms   /mnt/tf/picture/ non-existent 
[17:30:43-475]
[17:30:43-483][***scan_media_file***]:[977]:17844ms   /mnt/tf/call_record/ non-existent 
[17:30:43-483]
[17:30:43-487][***scan_media_file***]:[983]:17851ms   /mnt/tf/msg_record/ non-existent 
[17:30:43-487]
[17:30:43-487][***scan_media_file***]:[989]:17858ms   /mnt/tf/motion_record/ non-existent 
[17:30:43-487]
[17:30:43-499][***scan_media_file***]:[995]:17865ms   /mnt/tf/alarm_record/ non-existent 
[17:30:43-514]/bin/sh: 1: not found
[17:30:43-576]
[17:30:43-576][***_sdcard_info_get***]:38     fdisk -l /dev/mmcblk0
[17:30:43-611]
[17:30:43-623][***_sdcard_info_check_valid***]:106    disk info block0_sector:[15269888], p1_sector:[7532545], p2_sector:[7532543], sector_size:[512]
[17:30:43-623]
[17:30:43-623][***_sdcard_info_check_valid***]:124    _sdcard_info_check_valid : true
[17:30:43-623]
[17:30:43-633][***mount_mmcblk***]:[1507]:18002ms     Mount /dev/mmcblk0p1 successful
[17:30:43-633]
[17:30:43-652][***mount_mmcblk***]:[1533]:18008ms     Mount /dev/mmcblk0p2 successful
[17:30:43-964]udhcpc: sending discover
[17:30:44-432]Mandatory LAR - 10M !
[17:30:44-432]No Link
[17:30:44-509]setting up the cable unplug timer1 for mac1
[17:30:44-509]ifconfig  br0 192.168.37.11 
[17:30:44-541]
[17:30:44-541][***network_device_init***]:[444]:18926ms       C2:73:C9:3F:fd:11
[17:30:44-541]
[17:30:44-566][***network_device_init***]:[448]:18927ms       C2:73:C9:3F:fe:11
[17:30:44-566]
[17:30:44-567][***network_cmd_socket_init***]:[315]:18927ms   8
[17:30:44-588]================>>> nework_get_package_head:1224 
[17:30:45-144]Failed to ping gateway. WiFi connection might be unstable.fail:1
[17:30:45-301]===========================>>> 琛屾暟: 319   鍒楁暟: 12 
[17:30:45-317]===========================>>> 琛屾暟: 319   鍒楁暟: 12 
[17:30:45-339]
[17:30:45-340][***file_list_task***]:[1621]:19725ms   file_list_task ==============================>>>>3670
[17:30:45-354]find name video-decoder uio index 1
[17:30:45-355][     DRV][2026-09-01 17:30:44 346] ########### Can't found uio0 mapping for 0x20030000
[17:30:45-364][     DRV][2026-09-01 17:30:44 348] Found uio1 mapping for 0x20030000
[17:30:45-373][    VDEC][2026-09-01 17:30:44 350] [vdec_cb_init_reg:155] init vdec reg, va: 0xb5ad3000, pa: 0x20030000, len: 0x00010000
[17:30:45-384][AKV_VDEC][2026-09-01 17:30:44 351] --AKV Decoder Lib For Sun4 V1.2.02--
[17:30:45-384][AKV_VDEC][2026-09-01 17:30:44 352] ## AKV_Decoder_Init OK!
[17:30:45-416][AKV_VDEC][2026-09-01 17:30:44 360] ## AKV_Decoder_Open OK, handle=0x1b0b200
[17:30:45-416]system_bg_resource_load================!!!!!!!!!!!!!!!!!!:13109
[17:30:45-416]
[17:30:45-462]TUYA IPC_APP_PID :wlmukdvb76nx93ul
[17:30:45-462]FIND ===========>>2023-06-18.conf
[17:30:45-462]read tuya config:2023-06-18.conf 
[17:30:45-476]tuya_uuid_etc_exist_check ==============================>>>1
[17:30:45-484]read /app/data/tuya_key/2023-06-18.conf index :3 uuid :bkdzbde271f8aaa0f84f     kye :61aPQsZipK3YLEQvusT0AHN3WZVbjJqD
[17:30:45-503]IPC_APP_PID :wlmukdvb76nx93ul tuya_uuid :bkdzbde271f8aaa0f84f           tuya_key:61aPQsZipK3YLEQvusT0AHN3WZVbjJqD  
[17:30:45-539]
[17:30:45-542][***mailbox_status_create***]:1639      0
[17:30:45-552]backlight_open,44 1
[17:30:45-552]system_bg_resource_load================!!!!!!!!!!!!!!!!!!:13109
[17:30:45-552]
[17:30:45-561]
[17:30:45-563][***dev_info_status_callback***]:2084   ====dev_info_status_callback=======>>>>arg1:1   arg2:0
[17:30:45-564]
[17:30:45-581][UI_PERF] layout switch from=(nil) to=0x4f95bc prepare=45ms quit=0ms clean=0ms enter=51ms total=96ms
[17:30:46-458]
[17:30:46-458]anyka login: 
[17:30:46-661]anyka login: 
[17:30:46-661]anyka login: 
[17:30:46-835]anyka login: 
[17:30:46-835]anyka login: 
[17:30:46-973]anyka login: Usage: /usr/share/udhcpc/default.script {bound|renew|deconfig}
[17:30:47-020]
[17:30:47-020]anyka login: 
[17:30:47-272]anyka login: Failed to ping gateway. WiFi connection might be unstable.fail:2
[17:30:47-640]
[17:30:47-641][***network_cmd_receive_task***]:[1165]:22015ms         family[1] device 1 off line ..........
[17:30:48-704]root
[17:30:49-058]Password: 
[17:30:49-230]
[17:30:49-230]
[17:30:49-384]
[17:30:49-384]
[17:30:49-396]Failed to ping gateway. WiFi connection might be unstable.fail:3
[17:30:49-492]
[17:30:49-492]
[17:30:50-268]^C
[17:30:51-078]anyka login: root
[17:30:51-218]Password: 
[17:30:51-260]welcome to file system
[17:30:51-260][root@anyka ~]$ 
[17:30:51-422][root@anyka ~]$ 
[17:30:51-422][root@anyka ~]$ 
[17:30:51-526][root@anyka ~]$ Failed to ping gateway. WiFi connection might be unstable.fail:4
[17:30:51-526]Reload the WiFi module.... count:[0]
[17:30:51-550]
[17:30:51-550][root@anyka ~]$ 
[17:30:51-732][root@anyka ~]$ udhcpc: received SIGTERM
[17:30:52-244]ls 
[17:30:52-245][***_umount_mnt***]:156         umount -l /mnt/tf2
[17:30:52-419]
[17:30:52-420][***_umount_mnt***]:156         umount -l /mnt/tf0
[17:30:52-448]umount: can't unmount /mnt/tf0: Invalid argument
[17:30:52-448]
[17:30:52-448][***_umount_mnt***]:156         umount -l /mnt/tf
[17:30:53-656] /ioctl: No such device
[17:30:54-835][root@anyka ~]$ ls  /mnt/tf
[17:30:54-836][root@anyka ~]$ 
[17:30:55-740][root@anyka ~]$ ioctl: No such device
[17:30:57-056]
[17:30:57-057][root@anyka ~]$ 
[17:30:57-213][root@anyka ~]$ 
[17:30:57-213][root@anyka ~]$ 
[17:30:57-335][root@anyka ~]$ 
[17:30:57-335][root@anyka ~]$ 
[17:30:57-819][root@anyka ~]$ ioctl: No such device
[17:30:58-802]ls 
[17:30:58-802][***_sdcard_info_get***]:38     fdisk -l /dev/mmcblk0
[17:30:58-883]
[17:30:58-895][***_sdcard_info_check_valid***]:106    disk info block0_sector:[15269888], p1_sector:[7532545], p2_sector:[7532543], sector_size:[512]
[17:30:58-895]
[17:30:58-896][***_sdcard_info_check_valid***]:124    _sdcard_info_check_valid : true
[17:30:58-896]
[17:30:58-912][***mount_mmcblk***]:[1507]:33274ms     Mount /dev/mmcblk0p1 successful
[17:30:58-912]
[17:30:58-923][***mount_mmcblk***]:[1533]:33280ms     Mount /dev/mmcblk0p2 successful
[17:30:59-846] /
[17:30:59-846][***file_list_task***]:[1621]:34211ms   file_list_task ==============================>>>>3670
[17:30:59-890]mFailed to connect to non-global ctrl_ifname: wlan0  error: No such file or directory
[17:30:59-890]Failed to read output
[17:31:00-017][root@anyka ~]$ ls  /mnt/Successfully initialized wpa_supplicant
[17:31:00-137]tFailed to ping gateway. WiFi connection might be unstable.fail:0
[17:31:00-340][root@anyka ~]$ ls  /mnt/tfrfkill: Cannot open RFKILL control device
[17:31:00-654]
[17:31:00-661]SAT_ANYKAOS_08280943       msg_record
[17:31:00-663]System Volume Information  music
[17:31:00-673]alarm_record               photo
[17:31:00-675]call_record                picture
[17:31:00-699]motion_record              video
[17:31:00-699][root@anyka ~]$ 
[17:31:01-588][root@anyka ~]$ udhcpc: started, v1.30.1
[17:31:01-619]udhcpc: sending discover
[17:31:02-402]Failed to ping gateway. WiFi connection might be unstable.fail:1
[17:31:04-390]ls /Failed to ping gateway. WiFi connection might be unstable.fail:2
[17:31:04-638]audhcpc: sending discover
[17:31:06-509][root@anyka ~]$ ls /app/data/Failed to ping gateway. WiFi connection might be unstable.fail:3
[17:31:07-192]
[17:31:07-192]SAT_ANYKAOS_08280943  tuya_key              wpa_supplicant.conf
[17:31:07-216]tuya_cache            user_data.cfg
[17:31:07-216][root@anyka ~]$ 
[17:31:07-638][root@anyka ~]$ udhcpc: sending discover
[17:31:09-392]Failed to ping gateway. WiFi connection might be unstable.fail:4
[17:31:10-774]Usage: /usr/share/udhcpc/default.script {bound|renew|deconfig}
[17:31:10-783]Failed to ping gateway. WiFi connection might be unstable.fail:0
[17:31:12-949]Failed to ping gateway. WiFi connection might be unstable.fail:1
[17:31:15-077]Failed to ping gateway. WiFi connection might be unstable.fail:2
[17:31:17-196]Failed to ping gateway. WiFi connection might be unstable.fail:3
[17:31:19-330]Failed to ping gateway. WiFi connection might be unstable.fail:4
[17:31:21-446]Failed to ping gateway. WiFi connection might be unstable.fail:0
[17:31:23-567]Failed to ping gateway. WiFi connection might be unstable.fail:1
[17:31:25-683]Failed to ping gateway. WiFi connection might be unstable.fail:2
[17:31:27-795]Failed to ping gateway. WiFi connection might be unstable.fail:3
[17:31:29-930]Failed to ping gateway. WiFi connection might be unstable.fail:4
[17:31:30-674]udhcpc: sending discover
[17:31:32-061]Failed to ping gateway. WiFi connection might be unstable.fail:0
[17:31:33-675]udhcpc: sending discover
[17:31:34-174]Failed to ping gateway. WiFi connection might be unstable.fail:1
[17:31:36-308]Failed to ping gateway. WiFi connection might be unstable.fail:2
[17:31:36-679]udhcpc: sending discover
[17:31:38-409]Failed to ping gateway. WiFi connection might be unstable.fail:3
[17:31:39-705]Usage: /usr/share/udhcpc/default.script {bound|renew|deconfig}
[17:31:40-542]Failed to ping gateway. WiFi connection might be unstable.fail:4
[17:31:42-663]Failed to ping gateway. WiFi connection might be unstable.fail:0
[17:31:44-771]Failed to ping gateway. WiFi connection might be unstable.fail:1
[17:31:46-893]Failed to ping gateway. WiFi connection might be unstable.fail:2
[17:31:49-013]Failed to ping gateway. WiFi connection might be unstable.fail:3
[17:31:51-139]Failed to ping gateway. WiFi connection might be unstable.fail:4
[17:31:53-265]Failed to ping gateway. WiFi connection might be unstable.fail:0
[17:31:55-378]Failed to ping gateway. WiFi connection might be unstable.fail:1
[17:31:57-531]Failed to ping gateway. WiFi connection might be unstable.fail:2
[17:31:59-674]Failed to ping gateway. WiFi connection might be unstable.fail:3
[17:31:59-727]udhcpc: sending discover
[17:32:00-090]
[17:32:00-091][***standby_task***]:1975       ==================>>>>
[17:32:00-091]
[17:32:00-091]
[17:32:00-091]
[17:32:00-102][***standby_task***]:1977       ==================>>>>
[17:32:00-103]
[17:32:00-103]
[17:32:00-103]
[17:32:00-103][***standby_task***]:1992       ==================>>>>
[17:32:00-103]
[17:32:00-103]
[17:32:00-103]
[17:32:00-115][***standby_task***]:1997       curr_time:1731 duration_start:0 duration_end:2359,status_get:0
[17:32:00-115]
[17:32:00-124][***standby_task***]:2016       ==================>>>>
[17:32:00-124]
[17:32:00-124]
[17:32:00-124]
[17:32:00-125][***standby_task***]:2027       ==================>>>>
[17:32:00-125]
[17:32:00-125]
[17:32:00-125]
[17:32:00-135][***standby_task***]:2038       &&&&&&&&&&&&&&&&&&&&&&&
[17:32:00-135]
[17:32:00-135][***standby_black_screen***]:106        !!!!!!!!!!!
[17:32:00-135]
[17:32:00-135]
[17:32:00-157][***dev_info_status_callback***]:2084   ====dev_info_status_callback=======>>>>arg1:0   arg2:0
[17:32:00-157]
[17:32:00-158]backlight_open,44 0
[17:32:01-839]Failed to ping gateway. WiFi connection might be unstable.fail:4
[17:32:02-723]udhcpc: sending discover
[17:32:03-955]Failed to ping gateway. WiFi connection might be unstable.fail:0
[17:32:05-728]udhcpc: sending discover
[17:32:06-071]Failed to ping gateway. WiFi connection might be unstable.fail:1
[17:32:08-190]Failed to ping gateway. WiFi connection might be unstable.fail:2
[17:32:08-747]Usage: /usr/share/udhcpc/default.script {bound|renew|deconfig}
[17:32:10-304]Failed to ping gateway. WiFi connection might be unstable.fail:3
[17:32:12-426]Failed to ping gateway. WiFi connection might be unstable.fail:4
[17:32:14-543]Failed to ping gateway. WiFi connection might be unstable.fail:0
[17:32:16-673]Failed to ping gateway. WiFi connection might be unstable.fail:1
[17:32:18-798]Failed to ping gateway. WiFi connection might be unstable.fail:2
[17:32:20-916]Failed to ping gateway. WiFi connection might be unstable.fail:3
[17:32:23-039]Failed to ping gateway. WiFi connection might be unstable.fail:4
[17:32:25-150]Failed to ping gateway. WiFi connection might be unstable.fail:0
[17:32:27-285]Failed to ping gateway. WiFi connection might be unstable.fail:1
[17:32:28-758]udhcpc: sending discover
[17:32:29-401]Failed to ping gateway. WiFi connection might be unstable.fail:2
[17:32:31-515]Failed to ping gateway. WiFi connection might be unstable.fail:3
[17:32:31-777]udhcpc: sending discover
[17:32:33-628]Failed to ping gateway. WiFi connection might be unstable.fail:4
[17:32:34-781]udhcpc: sending discover
[17:32:35-758]Failed to ping gateway. WiFi connection might be unstable.fail:0
[17:32:37-799]Usage: /usr/share/udhcpc/default.script {bound|renew|deconfig}
[17:32:37-910]Failed to ping gateway. WiFi connection might be unstable.fail:1
[17:32:40-027]Failed to ping gateway. WiFi connection might be unstable.fail:2
[17:32:42-141]Failed to ping gateway. WiFi connection might be unstable.fail:3
[17:32:42-443]type:3,code:48,value:10 
[17:32:42-444]1, 477,209 
[17:32:42-444]
[17:32:42-457][***get_outdoor_talk_state***]:[116]:136833ms   [AUDIO_DIAG] door=1 busy raw=0 effective=0 now=136833 hang=0 grace=3000
[17:32:42-457]
[17:32:42-470][***get_outdoor_talk_state***]:[116]:136833ms   [AUDIO_DIAG] door=2 busy raw=0 effective=0 now=136833 hang=0 grace=3000
[17:32:42-470]audio_play==========0
[17:32:42-524]audio_output_open @@  16000  @@  16000  @@  0  @@  1  @@@@@@@@@@@@@@@@@@@@@
[17:32:42-548]audio_output_devices_open =======================================ch:1    rate:16000
[17:32:42-549][      AO][2026-09-01 17:32:41 528] [ak_ao_open:614] ao version: libplat_ao V1.10.12
[17:32:42-561][     VQE][2026-09-01 17:32:41 565] [ak_vqe_inner_open:2006] ak_vqe_inner_open entry...ai_vqe = (nil), ao_vqe = 0x1b4f3dc
[17:32:42-570]type:3,code:48,value:0 
[17:32:42-570]0, 478,210 
[17:32:42-570]
[17:32:42-582][***monitor_video_mode_close***]:2363   ==============monitor_video_mode_close====>>>>
[17:32:42-582]
[17:32:42-582]
[17:32:42-582][    ECHO][2026-09-01 17:32:41 582] ## --AudioFilter Version V1.15.12, Echo--
[17:32:42-596][    ECHO][2026-09-01 17:32:41 583] ## jitterBuf: 0x1b4f5a8
[17:32:42-596][    ECHO][2026-09-01 17:32:41 584] ## _SD_Echo_Open far_path (0x1b4f560)
[17:32:42-596]stream is close 
[17:32:42-597]
[17:32:42-609][***audio_talk_close***]:[486]:136978ms         [AUDIO_DIAG] talk close all=1 audiocast=0 status=0 send_eth=0x0 receive_eth=0x0
[17:32:42-616]
[17:32:42-616][***audio_talk_close***]:[499]:136979ms         [TUYA_AUDIO_TRACE] audio_talk_close: close local audio input/decode
[17:32:42-616]
[17:32:42-629][***mailbox_status_create***]:1639      0
[17:32:42-629]backlight_open,44 1
[17:32:42-639]system_bg_resource_load================!!!!!!!!!!!!!!!!!!:13109
[17:32:42-639]
[17:32:42-649][    ECHO][2026-09-01 17:32:41 619] ## Echo: [    ECHO][2026-09-01 17:32:41 620] load far_Volume[    ECHO][2026-09-01 17:32:41 621] 
[17:32:42-649][    ECHO][2026-09-01 17:32:41 622] ## ASLC OPEN OK ena:1, lookAheadLen:96
[17:32:42-673][     VQE][2026-09-01 17:32:41 623] [get_nr_param:1331] nr not open
[17:32:42-674] 
[17:32:42-678][***dev_info_status_callback***]:2084   ====dev_info_status_callback=======>>>>arg1:1   arg2:0
[17:32:42-679]
[17:32:42-688][UI_PERF] layout switch from=0x4f95bc to=0x4f95bc prepare=3ms quit=19ms clean=0ms enter=34ms total=56ms
[17:32:42-689][     VQE][2026-09-01 17:32:41 680] [ak_vqe_inner_open:2095] ak_vqe_inner_open exit...
[17:32:42-697][      AO][2026-09-01 17:32:41 682] [play_pcm_thread:286] thread id: 1464
[17:32:42-697]-----dac set source
[17:32:42-704][      AO][2026-09-01 17:32:41 700] [ak_ao_open:645] leaved...
[17:32:42-717][    ECHO][2026-09-01 17:32:41 701] ## Echo: [    ECHO][2026-09-01 17:32:41 701] load far_NR[    ECHO][2026-09-01 17:32:41 701]  (enable)
[17:32:42-718][      AO][2026-09-01 17:32:41 721] [ak_ao_set_nr_attr:1366] leave...
[17:32:42-729][    ECHO][2026-09-01 17:32:41 722] ## Echo: [    ECHO][2026-09-01 17:32:41 723] set far_Volume param[    ECHO][2026-09-01 17:32:41 724] 
[17:32:42-740][      AO][2026-09-01 17:32:41 735] [ak_ao_set_aslc_attr:1293] leave...
[17:32:42-740][      AO][2026-09-01 17:32:41 736] [ak_ao_set_gain:792] set gain 3
[17:32:42-761][    ECHO][2026-09-01 17:32:41 739] ## Echo: [    ECHO][2026-09-01 17:32:41 739] set far_Volume param[    ECHO][2026-09-01 17:32:41 741] 
[17:32:42-762][      AO][2026-09-01 17:32:41 753] [ak_ao_set_volume:845] leave...
[17:32:42-772]audio_output_restart !!!!!!!!!!!!!!!!!!!!!!!!!!!!
[17:32:42-773][      AO][2026-09-01 17:32:41 754] [ak_ao_cancel:1481] enter...
[17:32:42-782][     VQE][2026-09-01 17:32:41 754] [ak_vqe_inner_clean_ao_buf:3413] osal_vqe_get_dac entry...
[17:32:42-782][    ECHO][2026-09-01 17:32:41 755] ## _SD_Echo_Reset (0x1b4f560)
[17:32:42-796][    ECHO][2026-09-01 17:32:41 756] ## ASLC OPEN OK ena:1, lookAheadLen:96
[17:32:42-796][     VQE][2026-09-01 17:32:41 757] [ak_vqe_inner_clean_ao_buf:3433] exit...
[17:32:42-815][      AO][2026-09-01 17:32:41 819] [ak_ao_cancel:1501] leave
[17:32:42-824][      AO][2026-09-01 17:32:41 819] [ak_ao_restart:1696] enter...
[17:32:42-824][      AO][2026-09-01 17:32:41 820] [ak_ao_restart:1724] leave
[17:32:42-824]audio_output_restart !!!!!!!!!!!!!!!!!!!!!!!!!!!!
[17:32:42-836][      AO][2026-09-01 17:32:41 821] [ak_ao_cancel:1481] enter...
[17:32:42-848][     VQE][2026-09-01 17:32:41 821] [ak_vqe_inner_clean_ao_buf:3413] osal_vqe_get_dac entry...
[17:32:42-848][    ECHO][2026-09-01 17:32:41 822] ## _SD_Echo_Reset (0x1b4f560)
[17:32:42-872][    ECHO][2026-09-01 17:32:41 823] ## ASLC OPEN OK ena:1, lookAheadLen:96
[17:32:42-872][     VQE][2026-09-01 17:32:41 824] [ak_vqe_inner_clean_ao_buf:3433] exit...
[17:32:42-881][      AO][2026-09-01 17:32:41 885] [ak_ao_cancel:1501] leave
[17:32:42-901][      AO][2026-09-01 17:32:41 885] [ak_ao_restart:1696] enter...
[17:32:42-901][      AO][2026-09-01 17:32:41 886] [ak_ao_restart:1724] leave
[17:32:43-574]type:3,code:48,value:10 
[17:32:43-575]1, 686,318 
[17:32:43-575]audio_play==========0
[17:32:43-583]audio_output_open @@  16000  @@  16000  @@  1  @@  1  @@@@@@@@@@@@@@@@@@@@@
[17:32:43-596][    ECHO][2026-09-01 17:32:42 580] ## Echo: [    ECHO][2026-09-01 17:32:42 581] set far_NR param[    ECHO][2026-09-01 17:32:42 581]  (enable)
[17:32:43-596][      AO][2026-09-01 17:32:42 594] [ak_ao_set_nr_attr:1366] leave...
[17:32:43-606][    ECHO][2026-09-01 17:32:42 595] ## Echo: [    ECHO][2026-09-01 17:32:42 596] set far_Volume param[    ECHO][2026-09-01 17:32:42 597] 
[17:32:43-616][      AO][2026-09-01 17:32:42 608] [ak_ao_set_aslc_attr:1293] leave...
[17:32:43-616][      AO][2026-09-01 17:32:42 609] [ak_ao_set_gain:792] set gain 3
[17:32:43-638][    ECHO][2026-09-01 17:32:42 613] ## Echo: [    ECHO][2026-09-01 17:32:42 614] set far_Volume param[    ECHO][2026-09-01 17:32:42 615] 
[17:32:43-638][      AO][2026-09-01 17:32:42 627] [ak_ao_set_volume:845] leave...
[17:32:43-653]pcm_16bit_volume_cover===============>>81 - 0.177828
[17:32:43-653]type:3,code:48,value:0 
[17:32:43-653]0, 687,319 
[17:32:43-653]
[17:32:43-663][***monitor_video_mode_close***]:2363   ==============monitor_video_mode_close====>>>>
[17:32:43-663]
[17:32:43-663]
[17:32:43-664]stream is close 
[17:32:43-664]
[17:32:43-675][***audio_talk_close***]:[486]:138040ms         [AUDIO_DIAG] talk close all=1 audiocast=0 status=0 send_eth=0x0 receive_eth=0x0
[17:32:43-675]
[17:32:43-686][***audio_talk_close***]:[499]:138040ms         [TUYA_AUDIO_TRACE] audio_talk_close: close local audio input/decode
[17:32:43-686]
[17:32:43-686][***layout_home_enter***]:617   ================================
[17:32:43-700]backlight_open,44 1
[17:32:43-700]
[17:32:43-705][***dev_info_status_callback***]:2084   ====dev_info_status_callback=======>>>>arg1:1   arg2:0
[17:32:43-705]
[17:32:43-705]
[17:32:43-705][***layout_home_enter***]:672   ================================
[17:32:43-716][UI_PERF] layout switch from=0x4f95bc to=0x4f77d4 prepare=4ms quit=18ms clean=0ms enter=19ms total=41ms
[17:32:43-716]audio_output_restart !!!!!!!!!!!!!!!!!!!!!!!!!!!!
[17:32:43-736][      AO][2026-09-01 17:32:42 679] [ak_ao_cancel:1481] enter...
[17:32:43-749][     VQE][2026-09-01 17:32:42 679] [ak_vqe_inner_clean_ao_buf:3413] osal_vqe_get_dac entry...
[17:32:43-749][    ECHO][2026-09-01 17:32:42 679] ## _SD_Echo_Reset (0x1b4f560)
[17:32:43-754][    ECHO][2026-09-01 17:32:42 680] ## ASLC OPEN OK ena:1, lookAheadLen:96
[17:32:43-754][     VQE][2026-09-01 17:32:42 681] [ak_vqe_inner_clean_ao_buf:3433] exit...
[17:32:43-766][      AO][2026-09-01 17:32:42 751] [ak_ao_cancel:1501] leave
[17:32:43-766][      AO][2026-09-01 17:32:42 752] [ak_ao_restart:1696] enter...
[17:32:43-776][      AO][2026-09-01 17:32:42 752] [ak_ao_restart:1724] leave
[17:32:44-290]Failed to ping gateway. WiFi connection might be unstable.fail:4
[17:32:44-837]type:3,code:48,value:10 
[17:32:44-837]1, 220,126 
[17:32:44-837]audio_play==========0
[17:32:44-852]audio_output_open @@  16000  @@  16000  @@  1  @@  1  @@@@@@@@@@@@@@@@@@@@@
[17:32:44-867][    ECHO][2026-09-01 17:32:43 845] ## Echo: [    ECHO][2026-09-01 17:32:43 846] set far_NR param[    ECHO][2026-09-01 17:32:43 847]  (enable)
[17:32:44-874][      AO][2026-09-01 17:32:43 878] [ak_ao_set_nr_attr:1366] leave...
[17:32:44-886][    ECHO][2026-09-01 17:32:43 878] ## Echo: [    ECHO][2026-09-01 17:32:43 879] set far_Volume param[    ECHO][2026-09-01 17:32:43 880] 
[17:32:44-899][      AO][2026-09-01 17:32:43 897] [ak_ao_set_aslc_attr:1293] leave...
[17:32:44-899][      AO][2026-09-01 17:32:43 897] [ak_ao_set_gain:792] set gain 3
[17:32:44-907][    ECHO][2026-09-01 17:32:43 901] ## Echo: [    ECHO][2026-09-01 17:32:43 902] set far_Volume param[    ECHO][2026-09-01 17:32:43 903] 
[17:32:44-933][      AO][2026-09-01 17:32:43 916] [ak_ao_set_volume:845] leave...
[17:32:44-963]type:3,code:48,value:0 
[17:32:44-964]0, 222,129 
[17:32:44-964]
[17:32:44-964][***layout_home_quit***]:677    ======LAYOUT_QUIT_FUNC=====>>
[17:32:44-964]
[17:32:44-964]
[17:32:44-973][***dev_info_status_callback***]:2084   ====dev_info_status_callback=======>>>>arg1:1   arg2:0
[17:32:44-973]
[17:32:44-991][UI_PERF] layout switch from=0x4f77d4 to=0x4f8324 prepare=4ms quit=0ms clean=0ms enter=15ms total=19ms
[17:32:45-023]audio_output_restart !!!!!!!!!!!!!!!!!!!!!!!!!!!!
[17:32:45-023][      AO][2026-09-01 17:32:44 027] [ak_ao_cancel:1481] enter...
[17:32:45-034][     VQE][2026-09-01 17:32:44 028] [ak_vqe_inner_clean_ao_buf:3413] osal_vqe_get_dac entry...
[17:32:45-046][    ECHO][2026-09-01 17:32:44 028] ## _SD_Echo_Reset (0x1b4f560)
[17:32:45-046][    ECHO][2026-09-01 17:32:44 029] ## ASLC OPEN OK ena:1, lookAheadLen:96
[17:32:45-066][     VQE][2026-09-01 17:32:44 030] [ak_vqe_inner_clean_ao_buf:3433] exit...
[17:32:45-092][      AO][2026-09-01 17:32:44 096] [ak_ao_cancel:1501] leave
[17:32:45-117][      AO][2026-09-01 17:32:44 097] [ak_ao_restart:1696] enter...
[17:32:45-117][      AO][2026-09-01 17:32:44 097] [ak_ao_restart:1724] leave
[17:32:45-654]type:3,code:48,value:10 
[17:32:45-655]1, 609,381 
[17:32:45-656]audio_play==========0
[17:32:45-672]audio_output_open @@  16000  @@  16000  @@  1  @@  1  @@@@@@@@@@@@@@@@@@@@@
[17:32:45-686][    ECHO][2026-09-01 17:32:44 663] ## Echo: [    ECHO][2026-09-01 17:32:44 663] set far_NR param[    ECHO][2026-09-01 17:32:44 664]  (enable)
[17:32:45-686]type:3,code:48,value:0 
[17:32:45-687]0, 610,382 
[17:32:45-700][      AO][2026-09-01 17:32:44 696] [ak_ao_set_nr_attr:1366] leave...
[17:32:45-700][    ECHO][2026-09-01 17:32:44 696] ## Echo: [    ECHO][2026-09-01 17:32:44 697] set far_Volume param
[17:32:45-707][***layout_setting_info_enter***]:413   ================================
[17:32:45-707]
[17:32:45-707][***setting_bg_display***]:32 
[17:32:45-707]
[17:32:45-707]
[17:32:45-707]
[17:32:45-719][    ECHO][2026-09-01 17:32:44 700] 
[17:32:45-719][      AO][2026-09-01 17:32:44 716] [ak_ao_set_aslc_attr:1293] leave...
[17:32:45-731][      AO][2026-09-01 17:32:44 717] [ak_ao_set_gain:792] set gain 3
[17:32:45-731]MTD涓暟:11
[17:32:45-742][    ECHO][2026-09-01 17:32:44 733] ## Echo: [    ECHO][2026-09-01 17:32:44 733] set far_Volume param[    ECHO][2026-09-01 17:32:44 734] 
[17:32:45-742]
[17:32:45-752][***get_curr_relesse_date***]:186       Release Date : 2026-8-28
[17:32:45-768][UI_PERF] layout switch from=0x4f8324 to=0x4f893c prepare=13ms quit=0ms clean=0ms enter=53ms total=66ms
[17:32:45-768][      AO][2026-09-01 17:32:44 756] [ak_ao_set_volume:845] leave...
[17:32:45-848]audio_output_restart !!!!!!!!!!!!!!!!!!!!!!!!!!!!
[17:32:45-848][      AO][2026-09-01 17:32:44 855] [ak_ao_cancel:1481] enter...
[17:32:45-865][     VQE][2026-09-01 17:32:44 855] [ak_vqe_inner_clean_ao_buf:3413] osal_vqe_get_dac entry...
[17:32:45-874][    ECHO][2026-09-01 17:32:44 856] ## _SD_Echo_Reset (0x1b4f560)
[17:32:45-875][    ECHO][2026-09-01 17:32:44 857] ## ASLC OPEN OK ena:1, lookAheadLen:96
[17:32:45-896][     VQE][2026-09-01 17:32:44 858] [ak_vqe_inner_clean_ao_buf:3433] exit...
[17:32:45-927][      AO][2026-09-01 17:32:44 929] [ak_ao_cancel:1501] leave
[17:32:45-943][      AO][2026-09-01 17:32:44 930] [ak_ao_restart:1696] enter...
[17:32:45-943][      AO][2026-09-01 17:32:44 931] [ak_ao_restart:1724] leave
[17:32:46-438]Failed to ping gateway. WiFi connection might be unstable.fail:0
[17:32:47-315]type:3,code:48,value:10 
[17:32:47-315]1, 980,523 
[17:32:47-316]audio_play==========0
[17:32:47-329]audio_output_open @@  16000  @@  16000  @@  1  @@  1  @@@@@@@@@@@@@@@@@@@@@
[17:32:47-341][    ECHO][2026-09-01 17:32:46 321] ## Echo: [    ECHO][2026-09-01 17:32:46 322] set far_NR param[    ECHO][2026-09-01 17:32:46 323]  (enable)
[17:32:47-341][      AO][2026-09-01 17:32:46 345] [ak_ao_set_nr_attr:1366] leave...
[17:32:47-356][    ECHO][2026-09-01 17:32:46 346] ## Echo: [    ECHO][2026-09-01 17:32:46 347] set far_Volume param[    ECHO][2026-09-01 17:32:46 348] 
[17:32:47-364][      AO][2026-09-01 17:32:46 360] [ak_ao_set_aslc_attr:1293] leave...
[17:32:47-364][      AO][2026-09-01 17:32:46 361] [ak_ao_set_gain:792] set gain 3
[17:32:47-388][    ECHO][2026-09-01 17:32:46 365] ## Echo: [    ECHO][2026-09-01 17:32:46 365] set far_Volume param[    ECHO][2026-09-01 17:32:46 366] 
[17:32:47-388][      AO][2026-09-01 17:32:46 379] [ak_ao_set_volume:845] leave...
[17:32:47-472]type:3,code:48,value:0 
[17:32:47-472]0, 981,524 
[17:32:47-472]
[17:32:47-473][***layout_setting_info_quit***]:420    ================================
[17:32:47-486]audio_output_restart !!!!!!!!!!!!!!!!!!!!!!!!!!!!
[17:32:47-486][      AO][2026-09-01 17:32:46 486] [ak_ao_cancel:1481] enter...
[17:32:47-501][     VQE][2026-09-01 17:32:46 487] [ak_vqe_inner_clean_ao_buf:3413] osal_vqe_get_dac entry...
[17:32:47-506][    ECHO][2026-09-01 17:32:46 488] ## _SD_Echo_Reset (0x1b4f560)
[17:32:47-506][    ECHO][2026-09-01 17:32:46 489] ## ASLC OPEN OK ena:1, lookAheadLen:96
[17:32:47-517][     VQE][2026-09-01 17:32:46 490] [ak_vqe_inner_clean_ao_buf:3433] exit...
[17:32:47-517]
[17:32:47-529][***dev_info_status_callback***]:2084   ====dev_info_status_callback=======>>>>arg1:1   arg2:0
[17:32:47-529]
[17:32:47-546][UI_PERF] layout switch from=0x4f893c to=0x4f8324 prepare=3ms quit=0ms clean=0ms enter=15ms total=19ms
[17:32:47-559][      AO][2026-09-01 17:32:46 563] [ak_ao_cancel:1501] leave
[17:32:47-574][      AO][2026-09-01 17:32:46 563] [ak_ao_restart:1696] enter...
[17:32:47-574][      AO][2026-09-01 17:32:46 564] [ak_ao_restart:1724] leave
[17:32:48-615]Failed to ping gateway. WiFi connection might be unstable.fail:1
[17:32:50-735]Failed to ping gateway. WiFi connection might be unstable.fail:2
[17:32:52-852]Failed to ping gateway. WiFi connection might be unstable.fail:3
[17:32:54-964]Failed to ping gateway. WiFi connection might be unstable.fail:4
[17:32:57-094]Failed to ping gateway. WiFi connection might be unstable.fail:0
[17:32:57-622]udhcpc: sending discover
[17:32:57-663]udhcpc: sending select for 192.168.48.170
[17:32:57-760]udhcpc: lease of 192.168.48.170 obtained, lease time 3599
[17:32:57-774]deleting routes
[17:32:57-793]route: SIOCDELRT: No such process
[17:32:57-793]adding dns 192.168.48.26
[17:32:58-283]official hostname:e13678.dscb.akamaiedge.net
[17:32:58-283]
[17:32:58-284]*******************************************
[17:32:58-284]pid:wlmukdvb76nx93ul
[17:32:58-295]uuid:bkdzbde271f8aaa0f84f
[17:32:58-295]key:61aPQsZipK3YLEQvusT0AHN3WZVbjJqD
[17:32:58-296]cache_dir:/app/data/tuya_cache/
[17:32:58-296]sd_dir:/mnt/tf2
[17:32:58-296]ver:3.0.3
[17:32:58-296]net_dev:wlan0
[17:32:58-322]*******************************************
[17:32:58-510]SDK Version:< TuyaOS V:6.2.20 BS:40.00_PT:2.3_LAN:3.5_CAD:1.0.5_CD:1.0.0 >
[17:32:58-515]< BUILD AT:2025_12_05_16_56_33 BY ci_manage FOR tuyaos-ipc AT anyka3918ev300s >
[17:32:58-538]IOT DEFS < WIFI_GW:1 DEBUG:0 KV_FILE:0 LITTLE_END:1 SL:1 OPERATING_SYSTEM:100 RELIABLE_TRANSFER:0 >
[17:32:58-538]
[17:32:58-538]MODE:3  LINK_TYPE:2 IP_MODE_TYPE:0
[17:32:58-928][01-01 00:00:00 ty I][70d4][tal_thread.c:185] thread_create name:sys_timer,stackDepth:4096,totalstackDepth:4096,priority:5
[17:32:58-938][01-01 00:00:00 ty I][70d4][tal_thread.c:185] thread_create name:wq_system,stackDepth:6144,totalstackDepth:10240,priority:3
[17:32:58-949][01-01 00:00:00 ty I][70d4][tal_thread.c:185] thread_create name:wq_highpri,stackDepth:5120,totalstackDepth:15360,priority:4
[17:32:58-961][01-01 00:00:00 ty I][70d4][tal_thread.c:185] thread_create name:health_monitor,stackDepth:1536,totalstackDepth:16896,priority:5
[17:32:58-981][01-01 00:00:00 ty I][70d4][mqc_app.c:516] mqc app init ...
[17:32:58-982][01-01 00:00:00 ty E][70d4][mqc_app.c:119] handler cnt is zero
[17:32:59-004][01-01 00:00:00 ty E][70d4][log_seq.c:861] open err
[17:32:59-051][01-01 00:00:00 ty I][70d4][kv_storge.c:45] Init Kvs With File:/app/data/tuya_cache/
[17:32:59-081][01-01 00:00:00 ty N][70d4][tuya_tls.c:876] uni_random_init...
[17:32:59-229][01-01 00:00:00 ty N][70d4][tuya_tls.c:303] tuya_tls_rand_init ok!
[17:32:59-233][01-01 00:00:00 ty N][70d4][tuya_svc_devos.c:338] gw_cntl->gw_wsm.stat:2
[17:32:59-233][01-01 00:00:00 ty E][70d4][tuya_wifi_connect.c:257] ret:-4
[17:32:59-252][01-01 00:00:00 ty E][70d4][base_event.c:153] ret:-4
[17:32:59-358][01-01 00:00:00 ty E][70d4][tuya_wifi_link.c:757] get mac fail:-4
[17:32:59-368][01-01 00:00:00 ty E][db4][tuya_wifi_netcfg.c:78] wf_wk_mode_set err:-4
[17:32:59-369][01-01 00:00:00 ty E][db4][tuya_ipc_sdk_init.c:441] gw status changed to [3], but not notify
[17:32:59-369]
[17:32:59-381][01-01 00:00:00 ty E][db4][tuya_svc_timer_task.c:1376] read timer_full_key failed
[17:32:59-381]
[17:32:59-396][***dev_info_status_event_push***]:1580         ====dev_info_status_event_push=======>>>>arg1:1 arg2:0
[17:32:59-396]
[17:32:59-397]
[17:32:59-408][***dev_info_status_callback***]:2084   ====dev_info_status_callback=======>>>>arg1:1   arg2:0
[17:32:59-408]
[17:33:00-865][DEBUG][__on_status_online:0067]  online: network status MQTT connected
[17:33:00-885][***dev_info_status_event_push***]:1580         ====dev_info_status_event_push=======>>>>arg1:1 arg2:0
[17:33:00-885]
[17:33:00-885]
[17:33:00-911][***dev_info_status_callback***]:2084   ====dev_info_status_callback=======>>>>arg1:1   arg2:0
[17:33:00-911]
[17:33:00-911]
[17:33:00-911][***wifi_icon_display***]:1991  icon_offset:0
[17:33:00-911]
[17:33:00-911]
[17:33:02-682][09-01 17:33:02 ty E][70d4][tuya_imm_service_log.c:507] read media_log_info fails, ret[-6]
[17:33:02-682]tuya liteos uv
[17:33:03-443][09-01 17:33:03 ty E][70d4][tuya_ipc_streamer.c:1640] tstream init start
[17:33:03-461][09-01 17:33:03 ty E][70d4][tuya_ipc_streamer.c:1712] tstream init done
[17:33:03-546][09-01 17:33:03 ty E][70d4][tuya_ipc_stream_storage.c:1526] disable aov local storage,stor_format:0,aov_on:0
[17:33:03-555][09-01 17:33:03 ty E][2a94][tuya_ipc_event.c:1074] get type array cnt:130
[17:33:03-582][09-01 17:33:03 ty E][efa4][tuya_ipc_stream_storage.c:1034] report sd status out:1, 0 -> 1
[17:33:03-583]
[17:33:03-583]write_mode set 0 -> 1
[17:33:04-603][09-01 17:33:04 ty E][38a4][tuya_svc_lan.c:1587] net recv err fd:34,errno:-100
[17:33:06-063][09-01 17:33:05 ty E][2db4][tuya_svc_upgrade.c:885] result null
[17:33:06-761][ty_sdk_main, 601]
[17:33:06-762]_tuya_api_weather_get,198==================>>>>
[17:33:06-762]
[17:33:06-762]
[17:33:06-762]
[17:33:06-773][***tuya_stream_storage_thread***]:101  ******************************************START
[17:33:07-870]{
[17:33:07-870]        "data": {
[17:33:07-870]                "w.humidity.0": 85,
[17:33:07-870]                "w.pressure.0": 991,
[17:33:07-870]                "w.pm10.0":     12,
[17:33:07-871]                "w.pm25.0":     12,
[17:33:07-871]                "w.temp.0":     28,
[17:33:07-882]                "w.conditionNum.0":     "101",
[17:33:07-882]                "w.thigh.0":    29,
[17:33:07-883]                "w.tlow.0":     24,
[17:33:07-883]                "c.city":       "鐝犳捣",
[17:33:07-884]                "w.humidity":   82,
[17:33:07-884]                "w.pressure":   991,
[17:33:07-899]                "w.pm10":       12,
[17:33:07-900]                "w.pm25":       12,
[17:33:07-900]                "w.temp":       28,
[17:33:07-900]                "w.conditionNum":       "142"
[17:33:07-900]        },
[17:33:07-901]        "expiration":   9
[17:33:07-909]}_tuya_api_weather_get,283==================>>>>
[17:33:07-909]
[17:33:07-910]
[17:33:07-910]Tue Sep  1 17:33:07 UTC 2026
[17:34:08-005]
[17:34:08-006][***standby_timeout_callback***]:92 
[17:34:08-006]
[17:34:08-006]
[17:34:08-006]
[17:34:08-064]
[17:34:08-064][***mailbox_status_create***]:1639      0
[17:34:08-064]backlight_open,44 1
[17:34:08-081]system_bg_resource_load================!!!!!!!!!!!!!!!!!!:13109
[17:34:08-081]
[17:34:08-081]
[17:34:08-082][***dev_info_status_callback***]:2084   ====dev_info_status_callback=======>>>>arg1:1   arg2:0
[17:34:08-082]
[17:34:08-082]
[17:34:08-095][***wifi_icon_display***]:1991  icon_offset:0
[17:34:08-095]
[17:34:08-095]
[17:34:08-109][UI_PERF] layout switch from=0x4f8324 to=0x4f95bc prepare=3ms quit=0ms clean=1ms enter=99ms total=103ms
[17:34:08-323]_tuya_api_weather_get,198==================>>>>
[17:34:08-323]
[17:34:08-323]
[17:34:09-400]{
[17:34:09-401]        "data": {
[17:34:09-401]                "w.humidity.0": 85,
[17:34:09-402]                "w.pressure.0": 991,
[17:34:09-402]                "w.pm10.0":     12,
[17:34:09-402]                "w.pm25.0":     12,
[17:34:09-402]                "w.temp.0":     29,
[17:34:09-413]                "w.conditionNum.0":     "101",
[17:34:09-414]                "w.thigh.0":    29,
[17:34:09-414]                "w.tlow.0":     24,
[17:34:09-415]                "c.city":       "鐝犳捣",
[17:34:09-415]                "w.humidity":   81,
[17:34:09-415]                "w.pressure":   991,
[17:34:09-422]                "w.pm10":       12,
[17:34:09-422]                "w.pm25":       12,
[17:34:09-422]                "w.temp":       29,
[17:34:09-422]                "w.conditionNum":       "101"
[17:34:09-422]        },
[17:34:09-422]        "expiration":   8
[17:34:09-451]}_tuya_api_weather_get,283==================>>>>
[17:34:09-451]
[17:34:09-451]
[17:34:09-452]Tue Sep  1 17:34:09 UTC 2026
[17:34:26-203][09-01 17:34:26 ty E][58a4][mqc_app.c:429] MQ 64, Handler idx:8, ret:-6
[17:34:34-091][DEBUG][__on_status_fw_upgrade_start:0061]  fw upgrade: recv start cmdRev Upgrade Info 
[17:34:34-108]fw->fw_url:https://images.tuyacn.com/smart/firmware/upgrade/ay15507223992875xh7c/1788253310SAT_ANYKAOS_09011657 
[17:34:34-115]fw->fw_md5:ebb6a1f1a9551c375c4a8837b6ec75d0 
[17:34:34-116]fw->sw_ver:5.0.5 
[17:34:34-116]fw->file_size:4840651 
[17:34:34-135]fw->fw_hmac:AF496073A1C192621F441ED1FD986A3CDAA1499389BBFE482A9BD6D12AAE16B6 
[17:34:37-473][09-01 17:34:37 ty E][58a4][mqc_app.c:348] gw at upgrade stat
[17:34:38-938][09-01 17:34:38 ty E][38a4][tuya_svc_lan.c:1587] net recv err fd:35,errno:-100
[17:34:42-990]                "w.pm10":       12,                "w.pm10":    
[17:34:49-557]   12,Upgrade Finish
[17:34:49-572]download_result:0 fw_url:https://images.tuyacn.com/smart/firmware/upgrade/ay15507223992875xh7c/1788253310SAT_ANYKAOS_09011657
[17:34:49-698]EVB_CBDM_AK3760E_V1.0.1.dtb
[17:34:49-698]anyka_logo.rgb
[17:34:49-698]app.sqsh4
[17:34:50-100][     DRV][2026-09-01 17:34:49 660] [ak_drv_wdt_feed:63] watch dog not opened.
[17:34:51-098][     DRV][2026-09-01 17:34:50 667] [ak_drv_wdt_feed:63] watch dog not opened.
[17:34:51-534]update.sh
[17:34:51-535]upgrade_progress
[17:34:51-563]killall: daemon.sh: no process killed
[17:34:51-707]insmod: can't insert '/usr/modules/ak_fb.ko': File exists
[17:34:51-707]X:1024  Y:600  bbp:24  
[17:34:51-878]check update.tar.gz
[17:34:51-878]check update image
[17:34:51-878]############ find a target EVB_CBDM_AK3760E_V1.0.1.dtb, update in /tmp ############
[17:34:51-955]killall: tcpsvd: no process killed
[17:34:52-001]killall: ftpd: no process killed
[17:34:52-023]PID   USER     TIME  COMMAND
[17:34:52-024]    1 root      0:00 init
[17:34:52-024]    2 root      0:00 [kthreadd]
[17:34:52-024]    3 root      0:00 [ksoftirqd/0]
[17:34:52-033]    4 root      0:00 [kworker/0:0]
[17:34:52-034]    5 root      0:00 [kworker/0:0H]
[17:34:52-034]    6 root      0:00 [kworker/u2:0]
[17:34:52-044]    7 root      0:00 [kdevtmpfs]
[17:34:52-045]    8 root      0:00 [kworker/u2:1]
[17:34:52-045]   96 root      0:00 [writeback]
[17:34:52-045]   98 root      0:00 [crypto]
[17:34:52-052]   99 root      0:00 [bioset]
[17:34:52-052]  101 root      0:00 [kblockd]
[17:34:52-052]  132 root      0:00 [kworker/0:1]
[17:34:52-052]  140 root      0:00 [kswapd0]
[17:34:52-065]  191 root      0:00 [fsnotify_mark]
[17:34:52-065]  225 root      0:00 [bioset]
[17:34:52-065]  228 root      0:00 [bioset]
[17:34:52-065]  231 root      0:00 [bioset]
[17:34:52-078]  234 root      0:00 [bioset]
[17:34:52-078]  237 root      0:00 [bioset]
[17:34:52-078]  240 root      0:00 [bioset]
[17:34:52-078]  243 root      0:00 [bioset]
[17:34:52-090]  246 root      0:00 [bioset]
[17:34:52-091]  256 root      0:00 [spi0]
[17:34:52-091]  260 root      0:00 [bioset]
[17:34:52-092]  265 root      0:00 [bioset]
[17:34:52-099]  270 root      0:00 [bioset]
[17:34:52-099]  275 root      0:00 [bioset]
[17:34:52-099]  280 root      0:00 [bioset]
[17:34:52-099]  285 root      0:00 [bioset]
[17:34:52-109]  290 root      0:00 [bioset]
[17:34:52-110]  295 root      0:00 [bioset]
[17:34:52-111]  300 root      0:00 [bioset]
[17:34:52-111]  305 root      0:00 [bioset]
[17:34:52-119]  310 root      0:00 [bioset]
[17:34:52-119]  329 root      0:00 [deferwq]
[17:34:52-119]  330 root      0:00 [kworker/0:1H]
[17:34:52-121]  354 root      0:00 [jffs2_gcd_mtd7]
[17:34:52-133]  369 root      0:00 [jffs2_gcd_mtd10]
[17:34:52-133]  382 root      0:00 [syslogd]
[17:34:52-133]  383 root      0:00 [klogd]
[17:34:52-142]  385 root      0:00 /usr/sbin/telnetd
[17:34:52-142]  426 root      0:00 [kworker/u2:2]
[17:34:52-142]  432 root      0:00 [kworker/0:2]
[17:34:52-142]  462 root      0:00 [kworkqueue_ts]
[17:34:52-162]  499 root      0:00 [usb_otg_wq]
[17:34:52-162]  515 root      0:01 [kworker/0:3]
[17:34:52-168]  534 root      0:00 udpsvd -vE -V /usr/sbin/tftp_detect.sh 0 69 tftpd -c /mnt/
[17:34:52-169]  544 root      0:35 [ANYKA37E.BIN]
[17:34:52-169]  583 root      0:00 [devmem]
[17:34:52-170]  661 root      0:00 /bin/login -- root
[17:34:52-175]  664 root      0:00 -sh
[17:34:52-175]  729 root      0:00 [cfg80211]
[17:34:52-175]  758 root      0:00 [hisi_frw]
[17:34:52-176]  760 root      0:00 [hisi_hcc_tx]
[17:34:52-188]  761 root      0:00 [hisi_hcc_rx]
[17:34:52-188]  763 root      0:00 [bioset]
[17:34:52-188]  764 root      0:00 [mmcqd/1]
[17:34:52-188]  770 root      0:00 [ksdioirqd/mmc0]
[17:34:52-199]  771 root      0:00 [wlan_pm_wq]
[17:34:52-199]  783 root      0:00 [sh]
[17:34:52-209]  805 root      0:00 wpa_supplicant -Dnl80211 -i wlan0 -c /etc/config/wpa_suppl
[17:34:52-209] 1566 root      0:00 [udhcpc]
[17:34:52-209] 2312 root      0:00 [sh]
[17:34:52-209] 2318 root      0:00 [sleep]
[17:34:52-220] 2322 root      0:00 {update.sh} /bin/sh /tmp/update.sh
[17:34:52-220] 2324 root      0:00 /tmp/upgrade_progress 11 0
[17:34:52-220] 2339 root      0:00 ps
[17:34:52-239]Kill -9 385
[17:34:52-239]Kill -9 534
[17:34:52-239]mkdir -p /tmp/rootfstmp
[17:34:52-239]umount /tmp/rootfstmp
[17:34:52-253]umount: can't unmount /tmp/rootfstmp: Invalid argument
[17:34:52-253]check busybox tar
[17:34:52-254]dd if=/dev/root of=/dev/rootfstmp
[17:34:52-950]5000+0 records in
[17:34:52-950]5000+0 records out
[17:34:52-950]2560000 bytes (2.4MB) copied, 0.765803 seconds, 3.2MB/s
[17:34:52-986]mount /dev/rootfstmp /tmp/rootfstmp
[17:34:52-987]'/tmp/bc' -> '/tmp/rootfstmp/bin/busybox'
[17:34:52-987]'/tmp/awk' -> '/tmp/rootfstmp/bin/busybox'
[17:34:53-002]'/tmp/expr' -> '/tmp/rootfstmp/bin/busybox'
[17:34:53-002]'/tmp/md5sum' -> '/tmp/rootfstmp/bin/busybox'
[17:34:53-002]export HOME='/'
[17:34:53-002]export LD_LIBRARY_PATH='/tmp/rootfstmp/lib'
[17:34:53-016]export PATH='/tmp/rootfstmp/bin:/tmp/rootfstmp/sbin:/tmp/rootfstmp/usr/bin:/tmp/rootfstmp/usr/sbin:/tmp'
[17:34:53-016]export PWD='/'
[17:34:53-025]export QWS_MOUSE_PROTO='tslib:/dev/input/event0'
[17:34:53-026]export SHELL='/bin/sh'
[17:34:53-026]export SHLVL='6'
[17:34:53-026]export TERM='vt102'
[17:34:53-034]export TSLIB_CALIBFILE='/etc/pointercal'
[17:34:53-034]export TSLIB_CONFFILE='/etc/ts.conf'
[17:34:53-034]export TSLIB_CONSOLEDEVICE='none'
[17:34:53-035]export TSLIB_FBDEVICE='/dev/fb0'
[17:34:53-045]export TSLIB_PLUGINDIR='/usr/lib/ts'
[17:34:53-046]export TSLIB_TSDEVICE='/dev/input/event0'
[17:34:53-046]export TSLIB_TSEVEVTTYPE='input'
[17:34:53-046]export USER='root'
[17:34:53-059]export memsize='128M'
[17:34:53-059]export prevlevel='N'
[17:34:53-059]export runlevel='S'
[17:34:53-356]############ START UPDATE. #############
[17:34:53-356]############ NMONT APP. #############
[17:34:56-370]/tmp/rootfstmp/bin/umount /app/app
[17:34:56-620]DEC_SIZE_FILE=62904
[17:34:56-621]HEX_SIZE_PARTITION=00013000
[17:34:56-621]DEC_SIZE_PARTITION=77824
[17:34:56-621]HEX_SIZE_ERASE=00001000
[17:34:56-621]DEC_SIZE_ERASE=4096
[17:34:56-631]NUM_BLOCK_PARTITION=19
[17:34:56-661]MOD_BLOCK_FILE=1464
[17:34:56-662]NUM_BLOCK_FILE=16
[17:34:56-662]NUM_BLOCK_ZERO=3
[17:34:56-662]/tmp/mtd_debug erase /dev/mtd3 0x0 0x00013000
[17:34:56-968]Erased 77824 bytes from address 0x00000000 in flash
[17:34:56-968]/tmp/rootfstmp/bin/sync
[17:34:56-990]/tmp/rootfstmp/bin/dd if=/tmp/EVB_CBDM_AK3760E_V1.0.1.dtb of=/dev/mtdblock3 bs=4096 count=16 conv=fsync
[17:34:57-799]15+1 records in
[17:34:57-799]15+1 records out
[17:34:57-800]62904 bytes (61.4KB) copied, 0.816438 seconds, 75.2KB/s
[17:34:57-815]/tmp/rootfstmp/bin/sync
[17:34:58-060]DEC_SIZE_FILE=22981
[17:34:58-061]HEX_SIZE_PARTITION=00032000
[17:34:58-061]DEC_SIZE_PARTITION=204800
[17:34:58-061]HEX_SIZE_ERASE=00001000
[17:34:58-061]DEC_SIZE_ERASE=4096
[17:34:58-073]NUM_BLOCK_PARTITION=50
[17:34:58-074]MOD_BLOCK_FILE=2501
[17:34:58-103]NUM_BLOCK_FILE=6
[17:34:58-103]NUM_BLOCK_ZERO=44
[17:34:58-103]/tmp/mtd_debug erase /dev/mtd5 0x0 0x00032000
[17:34:59-225]Erased 204800 bytes from address 0x00000000 in flash
[17:34:59-226]/tmp/rootfstmp/bin/sync
[17:34:59-238]/tmp/rootfstmp/bin/dd if=/tmp/anyka_logo.rgb of=/dev/mtdblock5 bs=4096 count=6 conv=fsync
[17:34:59-550]5+1 records in
[17:34:59-550]5+1 records out
[17:34:59-550]22981 bytes (22.4KB) copied, 0.313985 seconds, 71.5KB/s
[17:34:59-569]/tmp/rootfstmp/bin/sync
[17:34:59-786]DEC_SIZE_FILE=4808704
[17:34:59-811]HEX_SIZE_PARTITION=004E2000
[17:34:59-812]DEC_SIZE_PARTITION=5120000
[17:34:59-812]HEX_SIZE_ERASE=00001000
[17:34:59-812]DEC_SIZE_ERASE=4096
[17:34:59-832]NUM_BLOCK_PARTITION=1250
[17:34:59-833]MOD_BLOCK_FILE=0
[17:34:59-833]NUM_BLOCK_FILE=1174
[17:34:59-860]NUM_BLOCK_ZERO=76
[17:34:59-861]/tmp/mtd_debug erase /dev/mtd9 0x0 0x004E2000
[17:35:16-486]Erased 5120000 bytes from address 0x00000000 in flash
[17:35:16-487]/tmp/rootfstmp/bin/sync
[17:35:16-502]/tmp/rootfstmp/bin/dd if=/tmp/app.sqsh4 of=/dev/mtdblock9 bs=4096 count=1174 conv=fsync
[17:36:15-754]1174+0 records in
[17:36:15-754]1174+0 records out
[17:36:15-754]4808704 bytes (4.6MB) copied, 59.261452 seconds, 79.2KB/s
[17:36:15-769]/tmp/rootfstmp/bin/sync
[17:36:16-814]############ update success, reboot now #############
[17:36:17-824]/tmp/rootfstmp/sbin/reboot -f
[17:36:17-845]reboot: Restarting system
[17:36:17-889]A
[17:36:17-889]
[17:36:17-889]U-Boot 2013.10.0-V3.1.32 (Oct 19 2024 - 08:20:23)
[17:36:17-890]
[17:36:17-890]LCD panel info: 1024 x 600, 24 bit/pix
[17:36:17-890]leo:uboot display lcd logo!
[17:36:17-906]DRAM:  128 MiB
[17:36:17-940]SF: Detected xm25qh128c with page size 256 Bytes, erase size 4 KiB, total 16 MiB
[17:36:17-940]16 MiB
[17:36:17-968]SF: Detected xm25qh128c with page size 256 Bytes, erase size 4 KiB, total 16 MiB
[17:36:18-054]SF: Detected xm25qh128c with page size 256 Bytes, erase size 4 KiB, total 16 MiB
[17:36:18-057]sd detect gpio mode:85!
[17:36:18-057]mmc_sd: 0
[17:36:18-092]SF: Detected xm25qh128c with page size 256 Bytes, erase size 4 KiB, total 16 MiB
[17:36:18-092]jpg:w=1024,h=600 
[17:36:19-055]cdh:drv_lcd_init, @@line:448,logo_data:87784460
[17:36:19-056]cdh:drv_lcd_init, @@line:455
[17:36:19-056][LCD] Initializing LCD frambuffer at 82600000
[17:36:19-083]cdh:ak_lcd_parameter_parse_dt1, line:140, get panel_info->name:adt,Adt07029bm30-08_IPS, node_sta:0x36cc OK!!!
[17:36:19-192], get dtb and parse lcd parameter pin :34   level:1!
[17:36:19-245]asic pll is 500MHz!
[17:36:19-246][2013]reset_pin:1
[17:36:19-286]reset_pin:0
[17:36:19-305]reset_pin:1
[17:36:19-697]cdh:drv_lcd_init, @@line:457
[17:36:19-697]In:    serial
[17:36:19-697]Out:   serial
[17:36:19-697]Err:   serial
[17:36:19-698]Net:   eth-0, eth-1
[17:36:19-711]SF: Detected xm25qh128c with page size 256 Bytes, erase size 4 KiB, total 16 MiB
[17:36:19-711]incorrect device type in FAT
[17:36:19-711]Find part FAT failed.
[17:36:19-711]** Bad device spi 0 **
[17:36:19-738]MMC: detect card present
[17:36:19-738]ak_mmc_board_init,733
[17:36:19-738]sd2 share pin!!!!!
[17:36:19-953]mmc_start_init: init OK!
[17:36:19-953]cdh:sd card, mmc->capacity_user:0x1d2000000 blocks!
[17:36:19-953]cdh:mmc->capacity:0x1d2000000 !
[17:36:20-001]cdh:mmc->card_caps:0x100, MODE HS fail!
[17:36:20-002]cdh:test_part_dos read ok!
[17:36:20-002]cdh:test_part_dos DOS_PART_MAGIC_OFFSET ok!
[17:36:20-021]cdh:test_part_dos DOS_MBR ok!
[17:36:20-021]reading SAT_ANYKA_3761E.IMG
[17:36:20-021]** Unable to read file SAT_ANYKA_3761E.IMG **
[17:36:20-050]** Unable to read upgrade file SAT_ANYKA_3761E.IMG **
[17:36:20-050]The upgrade package is not detected and exits!!!
[17:36:20-091]
[17:36:20-091]Hit any key to stop autoboot:  1 
[17:36:21-085] 0 
[17:36:21-085]SF: Detected xm25qh128c with page size 256 Bytes, erase size 4 KiB, total 16 MiB
[17:36:21-106]KERNEL: size:0x001a9000, offset:0x00092000
[17:36:21-155]
[17:36:21-155]SF: 1740800 bytes @ 0x92000 Read: OK
[17:36:21-155]## Booting kernel from Legacy Image at 80008000 ...
[17:36:21-169]   Image Name:   Linux-4.4.192V2.4
[17:36:21-169]   Image Type:   ARM Linux Kernel Image (uncompressed)
[17:36:21-169]   Data Size:    1648232 Bytes = 1.6 MiB
[17:36:21-169]   Load Address: 80008000
[17:36:21-200]   Entry Point:  80008040
[17:36:21-366]   Verifying Checksum ... OK
[17:36:21-383]   XIP Kernel Image ... OK
[17:36:21-384]   kernel loaded at 0x80008000, end = 0x8019a668
[17:36:21-384]using: FDT
[17:36:21-411]
[17:36:21-412]Starting kernel ...
[17:36:21-412]
[17:36:22-500]Uncompressing Linux... done, booting the kernel.
[17:36:22-722]Booting Linux on physical CPU 0x0
[17:36:22-740]Linux version 4.4.192V2.4 (root@link-virtual-machine) (gcc version 4.9.4 (Buildroot 2018.02.7_V1.0.03-g9ff3371) ) #12 Fri Oct 25 16:20:36 CST 2024
[17:36:22-740]CPU: ARM926EJ-S [41069265] revision 5 (ARMv5TEJ), cr=0005317f
[17:36:22-752]CPU: VIVT data cache, VIVT instruction cache
[17:36:22-753]Machine model: EVB_CBDM_AK3760E_V1.0.1 board
[17:36:22-759]Reserved memory: created CMA memory pool at 0x83800000, size 16 MiB
[17:36:22-759]Reserved memory: initialized node cma_reserved@0x83800000, compatible id shared-dma-pool
[17:36:22-773]Memory policy: Data cache writeback
[17:36:22-773]ANYKA CPU AK37XXE (ID 0x201902)
[17:36:22-786]Built 1 zonelists in Zone order, mobility grouping on.  Total pages: 32512
[17:36:22-797]Kernel command line: console=ttySAK0,115200n8 root=/dev/mtdblock6 rootfstype=squashfs init=/sbin/init mtdparts=spi0.0:500K@0x0(UBOOT),4K@0x7D000(ENV),4K@0x7E000(ENVBK),76K@0x7F000(DTB),1700K@0x92000(KERNEL),200K@0x23B000(LOGO),2500K@0x26D000(ROOTFS),300K@0x4DE000(CONFIG),3200K@0x529000(USR),5000K@0x849000(APP),2900K@0xD2B000(DATA) mem=128M memsize=128M
[17:36:22-830]PID hash table entries: 512 (order: -1, 2048 bytes)
[17:36:22-830]Dentry cache hash table entries: 16384 (order: 4, 65536 bytes)
[17:36:22-841]Inode-cache hash table entries: 8192 (order: 3, 32768 bytes)
[17:36:22-854]Memory: 71556K/131072K available (3238K kernel code, 129K rwdata, 1032K rodata, 144K init, 189K bss, 43132K reserved, 16384K cma-reserved)
[17:36:22-855]Virtual kernel memory layout:
[17:36:22-855]    vector  : 0xffff0000 - 0xffff1000   (   4 kB)
[17:36:22-870]    fixmap  : 0xffc00000 - 0xfff00000   (3072 kB)
[17:36:22-871]    vmalloc : 0xc8800000 - 0xff800000   ( 880 MB)
[17:36:22-881]    lowmem  : 0xc0000000 - 0xc8000000   ( 128 MB)
[17:36:22-882]    modules : 0xbf000000 - 0xc0000000   (  16 MB)
[17:36:22-882]      .text : 0xc0008000 - 0xc0433efc   (4272 kB)
[17:36:22-893]      .init : 0xc0434000 - 0xc0458000   ( 144 kB)
[17:36:22-894]      .data : 0xc0458000 - 0xc04784b0   ( 130 kB)
[17:36:22-907]       .bss : 0xc04784b0 - 0xc04a7af8   ( 190 kB)
[17:36:22-907]SLUB: HWalign=32, Order=0-3, MinObjects=0, CPUs=1, Nodes=1
[17:36:22-907]NR_IRQS:153
[17:36:22-907]ak37e_clk: CPU(JCLK): 800(Mhz)
[17:36:22-921]ak37e_clk: CPU(HCLK): 400(Mhz)
[17:36:22-921]ak37e_clk: MEMDDR2(DPHY): 400(Mhz)
[17:36:22-921]ak37e_clk: asic pll has inited!
[17:36:22-921]ak37e_clk: ASIC: 500(Mhz)
[17:36:22-941]ak37e_clk: VCLK: 250(Mhz)
[17:36:22-941]ak37e_clk: audio_pll update @204800000 m 14 n 63
[17:36:22-941]ak-timer: ak_timer_init
[17:36:22-953]clocksource: ak_cs_timer: mask: 0xffffffff max_cycles: 0xffffffff, max_idle_ns: 159271703898 ns
[17:36:22-962]sched_clock: 32 bits at 12MHz, resolution 83ns, wraps every 178956970966ns
[17:36:22-963]Calibrating delay loop... 398.13 BogoMIPS (lpj=1990656)
[17:36:22-964]pid_max: default: 32768 minimum: 301
[17:36:22-975]Mount-cache hash table entries: 1024 (order: 0, 4096 bytes)
[17:36:22-975]Mountpoint-cache hash table entries: 1024 (order: 0, 4096 bytes)
[17:36:22-988]CPU: Testing write buffer coherency: ok
[17:36:22-988]Setting up static identity map for 0x80008400 - 0x80008458
[17:36:22-988]devtmpfs: initialized
[17:36:23-002]clocksource: jiffies: mask: 0xffffffff max_cycles: 0xffffffff, max_idle_ns: 19112604462750000 ns
[17:36:23-002]futex hash table entries: 256 (order: -1, 3072 bytes)
[17:36:23-017]pinctrl core: initialized pinctrl subsystem
[17:36:23-017]NET: Registered protocol family 16
[17:36:23-032]DMA: preallocated 256 KiB pool for atomic coherent allocations
[17:36:23-032]On-chip L2 memory initialized
[17:36:23-033]ak-pinctrl 20170000.gpio: ak_pinctrl_probe 2052
[17:36:23-043]ak_37e_pinctrl: ak_pinctrl_probe irq: 15
[17:36:23-044]media: Linux media interface: v0.10
[17:36:23-044]Linux video capture interface: v2.00
[17:36:23-056]clocksource: Switched to clocksource ak_cs_timer
[17:36:23-056]NET: Registered protocol family 2
[17:36:23-056]TCP established hash table entries: 1024 (order: 0, 4096 bytes)
[17:36:23-069]TCP bind hash table entries: 1024 (order: 0, 4096 bytes)
[17:36:23-070]TCP: Hash tables configured (established 1024 bind 1024)
[17:36:23-086]UDP hash table entries: 256 (order: 0, 4096 bytes)
[17:36:23-087]UDP-Lite hash table entries: 256 (order: 0, 4096 bytes)
[17:36:23-087]NET: Registered protocol family 1
[17:36:23-096]AK Power Management, (c) 2021 ANYKA
[17:36:23-096]squashfs: version 4.0 (2009/01/31) Phillip Lougher
[17:36:23-097]jffs2: version 2.2. 漏 2001-2006 Red Hat, Inc.
[17:36:23-109]io scheduler noop registered (default)
[17:36:23-109]AKxx uart driver init, (c) 2013 ANYKA
[17:36:23-140]20130000.uart0: ttySAK0 at MMIO 0x20130000 (irq = 10, base_baud = 7812500) is a AK
[17:36:23-140]console [ttySAK0] enabled
[17:36:23-155]loop: module loaded
[17:36:23-155]Start to init Anyka SPI Flash...
[17:36:23-155]init Anyka SPI Nand Flash driver
[17:36:23-171]enter ak_spi_probe..., hw=c79b76a0, hw->clk=c7a4e020
[17:36:23-171]ak37e_clk: reset_module:0xf0008020 @ 5
[17:36:23-171]ak spiflash probe enter.
[17:36:23-171]akspi flash ID: 0x00204018
[17:36:23-187]ak-spiflash spi0.0: xm25qh128c (16384 Kbytes)
[17:36:23-188]11 cmdlinepart partitions found on MTD device spi0.0
[17:36:23-188]Creating 11 MTD partitions on "spi0.0":
[17:36:23-202]0x000000000000-0x00000007d000 : "UBOOT"
[17:36:23-202]0x00000007d000-0x00000007e000 : "ENV"
[17:36:23-218]0x00000007e000-0x00000007f000 : "ENVBK"
[17:36:23-218]0x00000007f000-0x000000092000 : "DTB"
[17:36:23-218]0x000000092000-0x00000023b000 : "KERNEL"
[17:36:23-240]0x00000023b000-0x00000026d000 : "LOGO"
[17:36:23-241]0x00000026d000-0x0000004de000 : "ROOTFS"
[17:36:23-242]0x0000004de000-0x000000529000 : "CONFIG"
[17:36:23-262]0x000000529000-0x000000849000 : "USR"
[17:36:23-262]0x000000849000-0x000000d2b000 : "APP"
[17:36:23-262]0x000000d2b000-0x000001000000 : "DATA"
[17:36:23-285]Init AK SPI Flash finish.
[17:36:23-285]akspi master SPI0 initialize success, use for PIO mode.
[17:36:23-285]i2c /dev entries driver
[17:36:23-285]ak_wdt_init: watchdog register...
[17:36:23-295]NET: Registered protocol family 17
[17:36:23-312]bridge: automatic filtering via arp/ip/ip6tables has been deprecated. Update your scripts to load br_netfilter if you need this.
[17:36:23-312]sctp: Hash tables configured (established 512 bind 1024)
[17:36:23-343]hctosys: unable to open rtc device (rtc0)
[17:36:23-343]ak37e_clk: reset_module:0xf0008020 @ 7
[17:36:23-343]
[17:36:23-344]VFS: Mounted root (squashfs filesystem) readonly on device 31:6.
[17:36:23-355]devtmpfs: mounted
[17:36:23-356]Freeing unused kernel memory: 144K
[17:36:23-636]random: init: uninitialized urandom read (4 bytes read, 9 bits of entropy available)
[17:36:23-749]random: rcS: uninitialized urandom read (4 bytes read, 13 bits of entropy available)
[17:36:23-950]mount all file system...
[17:36:23-951]random: mkdir: uninitialized urandom read (4 bytes read, 18 bits of entropy available)
[17:36:23-962]random: mount: uninitialized urandom read (4 bytes read, 18 bits of entropy available)
[17:36:23-981]random: mkdir: uninitialized urandom read (4 bytes read, 18 bits of entropy available)
[17:36:23-993]random: mkdir: uninitialized urandom read (4 bytes read, 18 bits of entropy available)
[17:36:24-012]random: mkdir: uninitialized urandom read (4 bytes read, 18 bits of entropy available)
[17:36:24-022]random: mkdir: uninitialized urandom read (4 bytes read, 18 bits of entropy available)
[17:36:24-022]**************************
[17:36:24-036]    Love Linux ! ! ! 
[17:36:24-036]**************************
[17:36:24-040]random: hostname: uninitialized urandom read (4 bytes read, 18 bits of entropy available)
[17:36:24-118]random: exe: uninitialized urandom read (4 bytes read, 20 bits of entropy available)
[17:36:24-166]/bin/mount -t squashfs /dev/mtdblock8 /usr
[17:36:24-211]/bin/mount -t jffs2 /dev/mtdblock7 /etc/config
[17:36:24-292]/bin/mount -t squashfs /dev/mtdblock9 /app/app
[17:36:24-292]squashfs: SQUASHFS error: Xattrs in filesystem, these will be ignored
[17:36:24-305]squashfs: SQUASHFS error: unable to read xattr id index table
[17:36:24-353]/bin/mount -t jffs2 /dev/mtdblock10 /app/data
[17:36:24-494]starting mdev...
[17:36:24-773]----------------------SAT---------------------------------
[17:36:24-824]
[17:36:30-872]anyka login: ak_mac Ethernet Driver
[17:36:31-103]ak_mac_probe, line:6201, mac_id:0 
[17:36:31-103]insmod mac device ok
[17:36:31-417]ak_mac_probe, line:6208, mac_id:1 
[17:36:31-418]insmod mac device ok
[17:36:31-880]Mandatory LAR - 10M !
[17:36:31-880]No Link
[17:36:31-912]setting up the cable unplug timer0 for mac0
[17:36:31-946]妫€鏌aradc鑺傜偣鐘舵€佽妭鐐圭姸鎬佷负okay,鎻掑叆ak_saradc妯″潡
[17:36:32-023]ak_uio: register uio device successfully with irq: 26!
[17:36:32-052]ak_uio: register uio device successfully with irq: 23!
[17:36:34-819]/usr/sbin/main.sh: line 108: /usr/sbin/screen.sh: not found
[17:36:34-834]udhcpc: started, v1.30.1
[17:36:34-974]udhcpc: sending discover
[17:36:35-302]Successfully initialized wpa_supplicant
[17:36:35-611]rfkill: Cannot open RFKILL control device
[17:36:35-859]fsync: /fat32/: Invalid argument
[17:36:35-873]udpsvd: listening on 0.0.0.0:69, starting
[17:36:35-908]SD card inserted, starting to mount /dev/mmcblk0p1
[17:36:35-937]SD card mounted on /mnt/tf.
[17:36:35-984]Upgrade package exists, check upgrade
[17:36:35-984]Upgraded,run app
[17:36:35-984]run flash app
[17:36:36-018]ANYKA37E.BIN is not running, restarting...
[17:36:37-136]
[17:36:37-136][***main***]:164        INDOOR VERSION:Sep  1 2026-16:57:56
[17:36:37-306]find frimware start 
[17:36:37-419]app_updata_check APP_VERSION_V:7,PREV VERSION:7
[17:36:37-419]ifconfig  br0 192.168.37.10 
[17:36:37-501]ifconfig: SIOCSIFADDR: No such device
[17:36:37-501]
[17:36:37-502][***network_pairing_init_task***]:647   pairing_mode ,0
[17:36:37-606]WiFi is disconnected.
[17:36:37-987]udhcpc: sending discover
[17:36:39-930]Failed to ping gateway. WiFi connection might be unstable.fail:0
[17:36:40-034]disp_init ==============================>>>134
[17:36:40-035]rmmod: can't unload module 'ak_fb': No such file or directory
[17:36:40-081]ak_fb: fb reset pin 34,active 1
[17:36:40-081]ak_fb: fb power pin 36,value 1,active 1
[17:36:40-081]ak_fb: fb backlight pin 82,value 1,active 1
[17:36:40-092]ak_fb: ak_fb_probe irq: 25
[17:36:40-092]lcd ctrl has inited!
[17:36:40-092]ak_fb: alloc lcdc mipi_panel_init
[17:36:40-092]ak_fb: peri_rate :500 
[17:36:40-130]ak_fb: pclk 45 factor 281 
[17:36:40-130]ak_fb: framebuffer address: 0x83900000, size:3717888
[17:36:40-130]ak_fb: fb0: ak-lcd frame buffer init done
[17:36:40-191]ak_gui_sys_init gui:0xc6e89210
[17:36:40-192]ak-gui 20040000.gui: ak_gui_dev_probe ok, build:Mar  4 2022,16:34:13
[17:36:40-260]phy:1843200 ,screensize:1843200 smem_len:3686400
[17:36:40-282]fb buffer 1:0xb6628000,2:0xb67ea000 ,phy:2207252480 ,2:2209095680 smem_len:3686400
[17:36:40-283]The framebuffer device was mapped to memory successfully.:0xb63d0000
[17:36:40-301]***** refresh screen task create sccess ! *****
[17:36:40-472]
[17:36:40-473][***_umount_mnt***]:156         umount -l /mnt/tf
[17:36:40-493]
[17:36:40-493][***scan_media_file***]:[953]:17968ms   /mnt/tf/photo/ non-existent 
[17:36:40-493]
[17:36:40-504][***scan_media_file***]:[959]:17968ms   /mnt/tf/video/ non-existent 
[17:36:40-504]
[17:36:40-522][***scan_media_file***]:[965]:17975ms   /mnt/tf/music/ non-existent 
[17:36:40-522]
[17:36:40-522][***scan_media_file***]:[971]:17982ms   /mnt/tf/picture/ non-existent 
[17:36:40-522]
[17:36:40-530][***scan_media_file***]:[977]:17989ms   /mnt/tf/call_record/ non-existent 
[17:36:40-530]
[17:36:40-538][***scan_media_file***]:[983]:17996ms   /mnt/tf/msg_record/ non-existent 
[17:36:40-538]
[17:36:40-539][***scan_media_file***]:[989]:18003ms   /mnt/tf/motion_record/ non-existent 
[17:36:40-539]
[17:36:40-563][***scan_media_file***]:[995]:18010ms   /mnt/tf/alarm_record/ non-existent 
[17:36:40-564]/bin/sh: 1: not found
[17:36:40-626]
[17:36:40-626][***_sdcard_info_get***]:38     fdisk -l /dev/mmcblk0
[17:36:40-670]
[17:36:40-679][***_sdcard_info_check_valid***]:106    disk info block0_sector:[15269888], p1_sector:[7532545], p2_sector:[7532543], sector_size:[512]
[17:36:40-679]
[17:36:40-680][***_sdcard_info_check_valid***]:124    _sdcard_info_check_valid : true
[17:36:40-680]
[17:36:40-688][***mount_mmcblk***]:[1507]:18150ms     Mount /dev/mmcblk0p1 successful
[17:36:40-688]
[17:36:40-703][***mount_mmcblk***]:[1533]:18155ms     Mount /dev/mmcblk0p2 successful
[17:36:40-987]udhcpc: sending discover
[17:36:41-017]udhcpc: sending select for 192.168.48.170
[17:36:41-471]Mandatory LAR - 10M !
[17:36:41-472]No Link
[17:36:41-472]udhcpc: lease of 192.168.48.170 obtained, lease time 3600
[17:36:41-596]setting up the cable unplug timer1 for mac1
[17:36:41-596]deleting routes
[17:36:41-596]ifconfig  br0 192.168.37.11 
[17:36:41-597]route: SIOCDELRT: No such process
[17:36:41-611]adding dns 192.168.48.26
[17:36:41-618]
[17:36:41-620][***network_device_init***]:[444]:19091ms       C2:73:C9:3F:fd:11
[17:36:41-620]
[17:36:41-628][***network_device_init***]:[448]:19092ms       C2:73:C9:3F:fe:11
[17:36:41-628]
[17:36:41-628][***network_cmd_socket_init***]:[315]:19093ms   8
[17:36:41-653]================>>> nework_get_package_head:1224 
[17:36:42-548]===========================>>> 琛屾暟: 319   鍒楁暟: 12 
[17:36:42-550]===========================>>> 琛屾暟: 319   鍒楁暟: 12 
[17:36:42-551]
[17:36:42-552][***file_list_task***]:[1621]:19948ms   file_list_task ==============================>>>>3670
[17:36:42-554]find name video-decoder uio index 1
[17:36:42-555][     DRV][2026-09-01 17:36:41 581] ########### Can't found uio0 mapping for 0x20030000
[17:36:42-555][     DRV][2026-09-01 17:36:41 583] Found uio1 mapping for 0x20030000
[17:36:42-557][    VDEC][2026-09-01 17:36:41 586] [vdec_cb_init_reg:155] init vdec reg, va: 0xb5b3f000, pa: 0x20030000, len: 0x00010000
[17:36:42-557][AKV_VDEC][2026-09-01 17:36:41 587] --AKV Decoder Lib For Sun4 V1.2.02--
[17:36:42-558][AKV_VDEC][2026-09-01 17:36:41 589] ## AKV_Decoder_Init OK!
[17:36:42-573][AKV_VDEC][2026-09-01 17:36:41 598] ## AKV_Decoder_Open OK, handle=0xaec1c8
[17:36:42-573]system_bg_resource_load================!!!!!!!!!!!!!!!!!!:13109
[17:36:42-573]
[17:36:42-644]TUYA IPC_APP_PID :wlmukdvb76nx93ul
[17:36:42-644]FIND ===========>>2023-06-18.conf
[17:36:42-644]read tuya config:2023-06-18.conf 
[17:36:42-659]tuya_uuid_etc_exist_check ==============================>>>1
[17:36:42-668]read /app/data/tuya_key/2023-06-18.conf index :3 uuid :bkdzbde271f8aaa0f84f     kye :61aPQsZipK3YLEQvusT0AHN3WZVbjJqD
[17:36:42-690]IPC_APP_PID :wlmukdvb76nx93ul tuya_uuid :bkdzbde271f8aaa0f84f           tuya_key:61aPQsZipK3YLEQvusT0AHN3WZVbjJqD  
[17:36:42-706]
[17:36:42-706][***mailbox_status_create***]:1639      0
[17:36:42-706]backlight_open,44 1
[17:36:42-722]system_bg_resource_load================!!!!!!!!!!!!!!!!!!:13109
[17:36:42-722]
[17:36:42-722]
[17:36:42-722][***dev_info_status_callback***]:2084   ====dev_info_status_callback=======>>>>arg1:1   arg2:0
[17:36:42-722]
[17:36:42-722]
[17:36:42-730][***wifi_icon_display***]:1991  icon_offset:0
[17:36:42-730]
[17:36:42-730]
[17:36:42-752][UI_PERF] layout switch from=(nil) to=0x4f95bc prepare=43ms quit=0ms clean=0ms enter=30ms total=73ms
[17:36:43-447]official hostname:e13678.dscb.akamaiedge.net
[17:36:43-447]
[17:36:43-447]*******************************************
[17:36:43-447]pid:wlmukdvb76nx93ul
[17:36:43-459]uuid:bkdzbde271f8aaa0f84f
[17:36:43-459]key:61aPQsZipK3YLEQvusT0AHN3WZVbjJqD
[17:36:43-459]cache_dir:/app/data/tuya_cache/
[17:36:43-459]sd_dir:/mnt/tf2
[17:36:43-459]ver:5.0.5
[17:36:43-459]net_dev:wlan0
[17:36:43-483]*******************************************
[17:36:43-513]
[17:36:43-513]anyka login: 
[17:36:43-654]anyka login: 
[17:36:43-654]anyka login: 
[17:36:43-703]anyka login: SDK Version:< TuyaOS V:6.2.20 BS:40.00_PT:2.3_LAN:3.5_CAD:1.0.5_CD:1.0.0 >
[17:36:43-714]< BUILD AT:2025_12_05_16_56_33 BY ci_manage FOR tuyaos-ipc AT anyka3918ev300s >
[17:36:43-739]IOT DEFS < WIFI_GW:1 DEBUG:0 KV_FILE:0 LITTLE_END:1 SL:1 OPERATING_SYSTEM:100 RELIABLE_TRANSFER:0 >
[17:36:43-739]
[17:36:43-739]MODE:3  LINK_TYPE:2 IP_MODE_TYPE:0
[17:36:43-826]
[17:36:43-826]anyka login: 
[17:36:44-000]anyka login: 
[17:36:44-001]anyka login: 
[17:36:44-096]anyka login: [01-01 00:00:00 ty I][7794][tal_thread.c:185] thread_create name:sys_timer,stackDepth:4096,totalstackDepth:4096,priority:5
[17:36:44-111][01-01 00:00:00 ty I][7794][tal_thread.c:185] thread_create name:wq_system,stackDepth:6144,totalstackDepth:10240,priority:3
[17:36:44-121][01-01 00:00:00 ty I][7794][tal_thread.c:185] thread_create name:wq_highpri,stackDepth:5120,totalstackDepth:15360,priority:4
[17:36:44-130][01-01 00:00:00 ty I][7794][tal_thread.c:185] thread_create name:health_monitor,stackDepth:1536,totalstackDepth:16896,priority:5
[17:36:44-152][01-01 00:00:00 ty I][7794][mqc_app.c:516] mqc app init ...
[17:36:44-152][01-01 00:00:00 ty E][7794][mqc_app.c:119] handler cnt is zero
[17:36:44-152]
[17:36:44-174]anyka login: 
[17:36:44-175]anyka login: [01-01 00:00:00 ty E][7794][log_seq.c:861] open err
[17:36:44-228][01-01 00:00:00 ty I][7794][kv_storge.c:45] Init Kvs With File:/app/data/tuya_cache/
[17:36:44-245][01-01 00:00:00 ty N][7794][tuya_tls.c:876] uni_random_init...
[17:36:44-472][01-01 00:00:00 ty N][7794][tuya_tls.c:303] tuya_tls_rand_init ok!
[17:36:44-501][01-01 00:00:00 ty N][7794][tuya_svc_devos.c:338] gw_cntl->gw_wsm.stat:2
[17:36:44-501][01-01 00:00:00 ty E][7794][tuya_wifi_connect.c:257] ret:-4
[17:36:44-512][01-01 00:00:00 ty E][7794][base_event.c:153] ret:-4
[17:36:44-680][01-01 00:00:00 ty E][7794][tuya_wifi_link.c:757] get mac fail:-4
[17:36:44-703]
[17:36:44-703][***dev_info_status_event_push***]:1580         ====dev_info_status_event_push=======>>>>arg1:1 arg2:0
[17:36:44-703]
[17:36:44-715][01-01 00:00:00 ty E][1794][tuya_wifi_netcfg.c:78] wf_wk_mode_set err:-4
[17:36:44-725][01-01 00:00:00 ty E][1794][tuya_ipc_sdk_init.c:441] gw status changed to [3], but not notify
[17:36:44-725]
[17:36:44-725][01-01 00:00:00 ty E][1794][tuya_svc_timer_task.c:1376] read timer_full_key failed
[17:36:44-736][01-01 08:00:00 ty E][ff20][tal_workq_service.c:207] ret:-2
[17:36:44-736]
[17:36:44-761][***dev_info_status_callback***]:2084   ====dev_info_status_callback=======>>>>arg1:1   arg2:0
[17:36:44-761]
[17:36:45-290]root
[17:36:45-454]Password: 
[17:36:45-501]welcome to file system
[17:36:45-502][root@anyka ~]$ 
[17:36:45-547][root@anyka ~]$ 
[17:36:45-548][***network_cmd_receive_task***]:[1165]:23004ms         family[1] device 1 off line ..........
[17:36:45-643]
[17:36:45-644][root@anyka ~]$ 
[17:36:45-779][root@anyka ~]$ 
[17:36:45-779][root@anyka ~]$ 
[17:36:45-867][DEBUG][__on_status_online:0067]  online: network status MQTT connected
[17:36:45-891][***dev_info_status_event_push***]:1580         ====dev_info_status_event_push=======>>>>arg1:1 arg2:0
[17:36:45-891]
[17:36:45-891]
[17:36:45-910][***dev_info_status_callback***]:2084   ====dev_info_status_callback=======>>>>arg1:1   arg2:0
[17:36:45-910]
[17:36:47-648]ls /[09-01 17:36:47 ty E][7794][tuya_imm_service_log.c:507] read media_log_info fails, ret[-6]
[17:36:47-649]tuya liteos uv
[17:36:48-365][root@anyka ~]$ ls /app/[09-01 17:36:48 ty E][7794][tuya_ipc_streamer.c:1640] tstream init start
[17:36:48-383]d[09-01 17:36:48 ty E][7794][tuya_ipc_streamer.c:1712] tstream init done
[17:36:48-453][09-01 17:36:48 ty E][7794][tuya_ipc_stream_storage.c:1526] disable aov local storage,stor_format:0,aov_on:0
[17:36:48-475][09-01 17:36:48 ty E][3474][tuya_ipc_event.c:1074] get type array cnt:130
[17:36:48-489][root@anyka ~]$ ls /app/data/[09-01 17:36:48 ty E][f984][tuya_ipc_stream_storage.c:1034] report sd status out:1, 0 -> 1
[17:36:48-489]
[17:36:48-489]write_mode set 0 -> 1
[17:36:49-264]
[17:36:49-283]SAT_ANYKAOS_08280943  tuya_key              wpa_supplicant.conf
[17:36:49-312]tuya_cache            user_data.cfg
[17:36:49-312][root@anyka ~]$ 
[17:36:50-917][root@anyka ~]$ [ty_sdk_main, 601]
[17:36:50-917]_tuya_api_weather_get,198==================>>>>
[17:36:50-917]
[17:36:50-917]
[17:36:50-917]
[17:36:50-948][***tuya_stream_storage_thread***]:101  ******************************************START
[17:36:51-081][09-01 17:36:51 ty E][3794][tuya_svc_upgrade.c:885] result null
[17:36:51-959]{
[17:36:51-960]        "data": {
[17:36:51-960]                "w.humidity.0": 85,
[17:36:51-960]                "w.pressure.0": 991,
[17:36:51-961]                "w.pm10.0":     12,
[17:36:51-961]                "w.pm25.0":     12,
[17:36:51-961]                "w.temp.0":     28,
[17:36:51-971]                "w.conditionNum.0":     "101",
[17:36:51-971]                "w.thigh.0":    29,
[17:36:51-971]                "w.tlow.0":     24,
[17:36:51-971]                "c.city":       "鐝犳捣",
[17:36:51-971]                "w.humidity":   82,
[17:36:51-971]                "w.pressure":   991,
[17:36:51-978]                "w.pm10":       12,
[17:36:51-978]                "w.pm25":       12,
[17:36:51-978]                "w.temp":       28,
[17:36:51-978]                "w.conditionNum":       "142"
[17:36:51-978]        },
[17:36:51-978]        "expiration":   6
[17:36:52-008]}_tuya_api_weather_get,283==================>>>>
[17:36:52-008]
[17:36:52-008]
[17:36:52-008]Tue Sep  1 17:36:51 UTC 2026
[17:36:52-638]
[17:36:52-638][root@anyka ~]$ 
[17:36:52-871][root@anyka ~]$ 
[17:36:52-871][root@anyka ~]$ 
[17:36:53-107][root@anyka ~]$ 
[17:36:53-107][root@anyka ~]$ 
[17:37:04-931][root@anyka ~]$ ls /app/data/
[17:37:04-937]SAT_ANYKAOS_08280943  tuya_key              wpa_supplicant.conf
[17:37:04-965]tuya_cache            user_data.cfg
[17:37:04-965][root@anyka ~]$ 
[17:37:08-559][root@anyka ~]$ ls /mnt/tf
[17:37:08-570]SAT_ANYKAOS_08280943       msg_record
[17:37:08-571]System Volume Information  music
[17:37:08-581]alarm_record               photo
[17:37:08-582]call_record                picture
[17:37:08-609]motion_record              video
[17:37:08-609][root@anyka ~]$ 
[17:37:11-594][root@anyka ~]$ reboot
[17:37:11-628][root@anyka ~]$ 
[17:37:11-655][root@anyka ~]$ umount: can't remount /dev/mtdblock10 read-only
[17:37:11-655]umount: /dev/mtdblock9 busy - remounted read-only
[17:37:11-667]umount: /dev/mtdblock8 busy - remounted read-only
[17:37:11-668]umount: can't remount tmpfs read-only
[17:37:11-669]umount: tmpfs busy - remounted read-only
[17:37:11-691]umount: devtmpfs busy - remounted read-only
[17:37:11-691]The system is going down NOW!
[17:37:11-692]udpsvd: got signal 15, exit
[17:37:11-705]Sent SIGTERM to all processes
[17:37:12-712]Sent SIGKILL to all processes
[17:37:12-712]Requesting system reboot
[17:37:13-723]reboot: Restarting system
[17:37:13-755]A
[17:37:13-755]
[17:37:13-755]U-Boot 2013.10.0-V3.1.32 (Oct 19 2024 - 08:20:23)
[17:37:13-755]
[17:37:13-755]LCD panel info: 1024 x 600, 24 bit/pix
[17:37:13-755]leo:uboot display lcd logo!
[17:37:13-771]DRAM:  128 MiB
[17:37:13-812]SF: Detected xm25qh128c with page size 256 Bytes, erase size 4 KiB, total 16 MiB
[17:37:13-812]16 MiB
[17:37:13-829]SF: Detected xm25qh128c with page size 256 Bytes, erase size 4 KiB, total 16 MiB
[17:37:13-924]SF: Detected xm25qh128c with page size 256 Bytes, erase size 4 KiB, total 16 MiB
[17:37:13-924]sd detect gpio mode:85!
[17:37:13-924]mmc_sd: 0
[17:37:13-937]SF: Detected xm25qh128c with page size 256 Bytes, erase size 4 KiB, total 16 MiB
[17:37:13-955]jpg:w=1024,h=600 
[17:37:14-923]cdh:drv_lcd_init, @@line:448,logo_data:87784460
[17:37:14-923]cdh:drv_lcd_init, @@line:455
[17:37:14-923][LCD] Initializing LCD frambuffer at 82600000
[17:37:14-952]cdh:ak_lcd_parameter_parse_dt1, line:140, get panel_info->name:adt,Adt07029bm30-08_IPS, node_sta:0x36cc OK!!!
[17:37:15-056], get dtb and parse lcd parameter pin :34   level:1!
[17:37:15-108]asic pll is 500MHz!
[17:37:15-108][2013]reset_pin:1
[17:37:15-168]reset_pin:0
[17:37:15-168]reset_pin:1
[17:37:15-568]cdh:drv_lcd_init, @@line:457
[17:37:15-568]In:    serial
[17:37:15-568]Out:   serial
[17:37:15-568]Err:   serial
[17:37:15-569]Net:   eth-0, eth-1
[17:37:15-579]SF: Detected xm25qh128c with page size 256 Bytes, erase size 4 KiB, total 16 MiB
[17:37:15-579]incorrect device type in FAT
[17:37:15-579]Find part FAT failed.
[17:37:15-579]** Bad device spi 0 **
[17:37:15-601]MMC: detect card present
[17:37:15-601]ak_mmc_board_init,733
[17:37:15-602]sd2 share pin!!!!!
[17:37:15-819]mmc_start_init: init OK!
[17:37:15-819]cdh:sd card, mmc->capacity_user:0x1d2000000 blocks!
[17:37:15-819]cdh:mmc->capacity:0x1d2000000 !
[17:37:15-869]cdh:mmc->card_caps:0x100, MODE HS fail!
[17:37:15-870]cdh:test_part_dos read ok!
[17:37:15-870]cdh:test_part_dos DOS_PART_MAGIC_OFFSET ok!
[17:37:15-888]cdh:test_part_dos DOS_MBR ok!
[17:37:15-888]reading SAT_ANYKA_3761E.IMG
[17:37:15-889]** Unable to read file SAT_ANYKA_3761E.IMG **
[17:37:15-912]** Unable to read upgrade file SAT_ANYKA_3761E.IMG **
[17:37:15-912]The upgrade package is not detected and exits!!!
[17:37:15-956]
[17:37:15-956]Hit any key to stop autoboot:  1 
[17:37:16-953] 0 
[17:37:16-953]SF: Detected xm25qh128c with page size 256 Bytes, erase size 4 KiB, total 16 MiB
[17:37:16-963]KERNEL: size:0x001a9000, offset:0x00092000
[17:37:17-024]
[17:37:17-025]SF: 1740800 bytes @ 0x92000 Read: OK
[17:37:17-026]## Booting kernel from Legacy Image at 80008000 ...
[17:37:17-037]   Image Name:   Linux-4.4.192V2.4
[17:37:17-037]   Image Type:   ARM Linux Kernel Image (uncompressed)
[17:37:17-037]   Data Size:    1648232 Bytes = 1.6 MiB
[17:37:17-037]   Load Address: 80008000
[17:37:17-062]   Entry Point:  80008040
[17:37:17-251]   Verifying Checksum ... OK
[17:37:17-252]   XIP Kernel Image ... OK
[17:37:17-252]   kernel loaded at 0x80008000, end = 0x8019a668
[17:37:17-252]using: FDT
[17:37:17-291]
[17:37:17-291]Starting kernel ...
[17:37:17-291]
[17:37:18-366]Uncompressing Linux... done, booting the kernel.
[17:37:18-590]Booting Linux on physical CPU 0x0
[17:37:18-602]Linux version 4.4.192V2.4 (root@link-virtual-machine) (gcc version 4.9.4 (Buildroot 2018.02.7_V1.0.03-g9ff3371) ) #12 Fri Oct 25 16:20:36 CST 2024
[17:37:18-602]CPU: ARM926EJ-S [41069265] revision 5 (ARMv5TEJ), cr=0005317f
[17:37:18-614]CPU: VIVT data cache, VIVT instruction cache
[17:37:18-614]Machine model: EVB_CBDM_AK3760E_V1.0.1 board
[17:37:18-629]Reserved memory: created CMA memory pool at 0x83800000, size 16 MiB
[17:37:18-630]Reserved memory: initialized node cma_reserved@0x83800000, compatible id shared-dma-pool
[17:37:18-646]Memory policy: Data cache writeback
[17:37:18-646]ANYKA CPU AK37XXE (ID 0x201902)
[17:37:18-655]Built 1 zonelists in Zone order, mobility grouping on.  Total pages: 32512
[17:37:18-665]Kernel command line: console=ttySAK0,115200n8 root=/dev/mtdblock6 rootfstype=squashfs init=/sbin/init mtdparts=spi0.0:500K@0x0(UBOOT),4K@0x7D000(ENV),4K@0x7E000(ENVBK),76K@0x7F000(DTB),1700K@0x92000(KERNEL),200K@0x23B000(LOGO),2500K@0x26D000(ROOTFS),300K@0x4DE000(CONFIG),3200K@0x529000(USR),5000K@0x849000(APP),2900K@0xD2B000(DATA) mem=128M memsize=128M
[17:37:18-695]PID hash table entries: 512 (order: -1, 2048 bytes)
[17:37:18-696]Dentry cache hash table entries: 16384 (order: 4, 65536 bytes)
[17:37:18-710]Inode-cache hash table entries: 8192 (order: 3, 32768 bytes)
[17:37:18-722]Memory: 71556K/131072K available (3238K kernel code, 129K rwdata, 1032K rodata, 144K init, 189K bss, 43132K reserved, 16384K cma-reserved)
[17:37:18-722]Virtual kernel memory layout:
[17:37:18-722]    vector  : 0xffff0000 - 0xffff1000   (   4 kB)
[17:37:18-737]    fixmap  : 0xffc00000 - 0xfff00000   (3072 kB)
[17:37:18-737]    vmalloc : 0xc8800000 - 0xff800000   ( 880 MB)
[17:37:18-749]    lowmem  : 0xc0000000 - 0xc8000000   ( 128 MB)
[17:37:18-750]    modules : 0xbf000000 - 0xc0000000   (  16 MB)
[17:37:18-751]      .text : 0xc0008000 - 0xc0433efc   (4272 kB)
[17:37:18-762]      .init : 0xc0434000 - 0xc0458000   ( 144 kB)
[17:37:18-762]      .data : 0xc0458000 - 0xc04784b0   ( 130 kB)
[17:37:18-775]       .bss : 0xc04784b0 - 0xc04a7af8   ( 190 kB)
[17:37:18-775]SLUB: HWalign=32, Order=0-3, MinObjects=0, CPUs=1, Nodes=1
[17:37:18-775]NR_IRQS:153
[17:37:18-775]ak37e_clk: CPU(JCLK): 800(Mhz)
[17:37:18-788]ak37e_clk: CPU(HCLK): 400(Mhz)
[17:37:18-789]ak37e_clk: MEMDDR2(DPHY): 400(Mhz)
[17:37:18-789]ak37e_clk: asic pll has inited!
[17:37:18-789]ak37e_clk: ASIC: 500(Mhz)
[17:37:18-804]ak37e_clk: VCLK: 250(Mhz)
[17:37:18-805]ak37e_clk: audio_pll update @204800000 m 14 n 63
[17:37:18-805]ak-timer: ak_timer_init
[17:37:18-820]clocksource: ak_cs_timer: mask: 0xffffffff max_cycles: 0xffffffff, max_idle_ns: 159271703898 ns
[17:37:18-831]sched_clock: 32 bits at 12MHz, resolution 83ns, wraps every 178956970966ns
[17:37:18-831]Calibrating delay loop... 398.13 BogoMIPS (lpj=1990656)
[17:37:18-831]pid_max: default: 32768 minimum: 301
[17:37:18-843]Mount-cache hash table entries: 1024 (order: 0, 4096 bytes)
[17:37:18-843]Mountpoint-cache hash table entries: 1024 (order: 0, 4096 bytes)
[17:37:18-856]CPU: Testing write buffer coherency: ok
[17:37:18-857]Setting up static identity map for 0x80008400 - 0x80008458
[17:37:18-858]devtmpfs: initialized
[17:37:18-872]clocksource: jiffies: mask: 0xffffffff max_cycles: 0xffffffff, max_idle_ns: 19112604462750000 ns
[17:37:18-873]futex hash table entries: 256 (order: -1, 3072 bytes)
[17:37:18-885]pinctrl core: initialized pinctrl subsystem
[17:37:18-886]NET: Registered protocol family 16
[17:37:18-897]DMA: preallocated 256 KiB pool for atomic coherent allocations
[17:37:18-898]On-chip L2 memory initialized
[17:37:18-898]ak-pinctrl 20170000.gpio: ak_pinctrl_probe 2052
[17:37:18-910]ak_37e_pinctrl: ak_pinctrl_probe irq: 15
[17:37:18-910]media: Linux media interface: v0.10
[17:37:18-910]Linux video capture interface: v2.00
[17:37:18-923]clocksource: Switched to clocksource ak_cs_timer
[17:37:18-923]NET: Registered protocol family 2
[17:37:18-923]TCP established hash table entries: 1024 (order: 0, 4096 bytes)
[17:37:18-942]TCP bind hash table entries: 1024 (order: 0, 4096 bytes)
[17:37:18-942]TCP: Hash tables configured (established 1024 bind 1024)
[17:37:18-957]UDP hash table entries: 256 (order: 0, 4096 bytes)
[17:37:18-958]UDP-Lite hash table entries: 256 (order: 0, 4096 bytes)
[17:37:18-958]NET: Registered protocol family 1
[17:37:18-969]AK Power Management, (c) 2021 ANYKA
[17:37:18-971]squashfs: version 4.0 (2009/01/31) Phillip Lougher
[17:37:18-972]jffs2: version 2.2. 漏 2001-2006 Red Hat, Inc.
[17:37:18-977]io scheduler noop registered (default)
[17:37:18-978]AKxx uart driver init, (c) 2013 ANYKA
[17:37:19-002]20130000.uart0: ttySAK0 at MMIO 0x20130000 (irq = 10, base_baud = 7812500) is a AK
[17:37:19-002]console [ttySAK0] enabled
[17:37:19-020]loop: module loaded
[17:37:19-021]Start to init Anyka SPI Flash...
[17:37:19-021]init Anyka SPI Nand Flash driver
[17:37:19-034]enter ak_spi_probe..., hw=c79b76a0, hw->clk=c7a4e020
[17:37:19-034]ak37e_clk: reset_module:0xf0008020 @ 5
[17:37:19-040]ak spiflash probe enter.
[17:37:19-040]akspi flash ID: 0x00204018
[17:37:19-040]ak-spiflash spi0.0: xm25qh128c (16384 Kbytes)
[17:37:19-058]11 cmdlinepart partitions found on MTD device spi0.0
[17:37:19-058]Creating 11 MTD partitions on "spi0.0":
[17:37:19-059]0x000000000000-0x00000007d000 : "UBOOT"
[17:37:19-079]0x00000007d000-0x00000007e000 : "ENV"
[17:37:19-080]0x00000007e000-0x00000007f000 : "ENVBK"
[17:37:19-080]0x00000007f000-0x000000092000 : "DTB"
[17:37:19-102]0x000000092000-0x00000023b000 : "KERNEL"
[17:37:19-102]0x00000023b000-0x00000026d000 : "LOGO"
[17:37:19-102]0x00000026d000-0x0000004de000 : "ROOTFS"
[17:37:19-124]0x0000004de000-0x000000529000 : "CONFIG"
[17:37:19-124]0x000000529000-0x000000849000 : "USR"
[17:37:19-124]0x000000849000-0x000000d2b000 : "APP"
[17:37:19-144]0x000000d2b000-0x000001000000 : "DATA"
[17:37:19-144]Init AK SPI Flash finish.
[17:37:19-145]akspi master SPI0 initialize success, use for PIO mode.
[17:37:19-161]i2c /dev entries driver
[17:37:19-161]ak_wdt_init: watchdog register...
[17:37:19-162]NET: Registered protocol family 17
[17:37:19-173]bridge: automatic filtering via arp/ip/ip6tables has been deprecated. Update your scripts to load br_netfilter if you need this.
[17:37:19-194]sctp: Hash tables configured (established 512 bind 1024)
[17:37:19-194]hctosys: unable to open rtc device (rtc0)
[17:37:19-194]ak37e_clk: reset_module:0xf0008020 @ 7
[17:37:19-194]
[17:37:19-223]VFS: Mounted root (squashfs filesystem) readonly on device 31:6.
[17:37:19-223]devtmpfs: mounted
[17:37:19-223]Freeing unused kernel memory: 144K
[17:37:19-497]random: init: uninitialized urandom read (4 bytes read, 9 bits of entropy available)
[17:37:19-624]random: rcS: uninitialized urandom read (4 bytes read, 13 bits of entropy available)
[17:37:19-815]mount all file system...
[17:37:19-816]random: mkdir: uninitialized urandom read (4 bytes read, 18 bits of entropy available)
[17:37:19-836]random: mount: uninitialized urandom read (4 bytes read, 18 bits of entropy available)
[17:37:19-861]random: mkdir: uninitialized urandom read (4 bytes read, 18 bits of entropy available)
[17:37:19-861]random: mkdir: uninitialized urandom read (4 bytes read, 18 bits of entropy available)
[17:37:19-879]random: mkdir: uninitialized urandom read (4 bytes read, 18 bits of entropy available)
[17:37:19-894]random: mkdir: uninitialized urandom read (4 bytes read, 18 bits of entropy available)
[17:37:19-895]**************************
[17:37:19-895]    Love Linux ! ! ! 
[17:37:19-895]**************************
[17:37:19-920]random: hostname: uninitialized urandom read (4 bytes read, 18 bits of entropy available)
[17:37:19-997]random: exe: uninitialized urandom read (4 bytes read, 20 bits of entropy available)
[17:37:20-040]/bin/mount -t squashfs /dev/mtdblock8 /usr
[17:37:20-090]/bin/mount -t jffs2 /dev/mtdblock7 /etc/config
[17:37:20-151]/bin/mount -t squashfs /dev/mtdblock9 /app/app
[17:37:20-159]squashfs: SQUASHFS error: Xattrs in filesystem, these will be ignored
[17:37:20-179]squashfs: SQUASHFS error: unable to read xattr id index table
[17:37:20-228]/bin/mount -t jffs2 /dev/mtdblock10 /app/data
[17:37:20-353]starting mdev...
[17:37:20-619]----------------------SAT---------------------------------
[17:37:20-681]
[17:37:26-664]anyka login: ak_mac Ethernet Driver
[17:37:26-899]ak_mac_probe, line:6201, mac_id:0 
[17:37:26-900]insmod mac device ok
[17:37:27-214]ak_mac_probe, line:6208, mac_id:1 
[17:37:27-215]insmod mac device ok
[17:37:27-681]Mandatory LAR - 10M !
[17:37:27-682]No Link
[17:37:27-696]setting up the cable unplug timer0 for mac0
[17:37:27-743]妫€鏌aradc鑺傜偣鐘舵€佽妭鐐圭姸鎬佷负okay,鎻掑叆ak_saradc妯″潡
[17:37:27-819]ak_uio: register uio device successfully with irq: 26!
[17:37:27-846]ak_uio: register uio device successfully with irq: 23!
[17:37:30-605]/usr/sbin/main.sh: line 108: /usr/sbin/screen.sh: not found
[17:37:30-643]udhcpc: started, v1.30.1
[17:37:30-713]udhcpc: sending discover
[17:37:31-087]Successfully initialized wpa_supplicant
[17:37:31-398]rfkill: Cannot open RFKILL control device
[17:37:31-663]fsync: /fat32/: Invalid argument
[17:37:31-714]udpsvd: listening on 0.0.0.0:69, starting
[17:37:31-715]SD card inserted, starting to mount /dev/mmcblk0p1
[17:37:31-731]SD card mounted on /mnt/tf.
[17:37:31-789]Upgrade package exists, check upgrade
[17:37:31-789]Upgraded,run app
[17:37:31-789]run flash app
[17:37:31-802]ANYKA37E.BIN is not running, restarting...
[17:37:32-936]
[17:37:32-937][***main***]:164        INDOOR VERSION:Sep  1 2026-16:57:56
[17:37:33-105]find frimware start 
[17:37:33-212]app_updata_check APP_VERSION_V:7,PREV VERSION:7
[17:37:33-212]ifconfig  br0 192.168.37.10 
[17:37:33-305]ifconfig: SIOCSIFADDR: No such device
[17:37:33-305]
[17:37:33-305][***network_pairing_init_task***]:647   pairing_mode ,0
[17:37:33-406]WiFi is disconnected.
[17:37:33-731]udhcpc: sending discover
[17:37:35-709]Failed to ping gateway. WiFi connection might be unstable.fail:0
[17:37:35-805]disp_init ==============================>>>134
[17:37:35-824]rmmod: can't unload module 'ak_fb': No such file or directory
[17:37:35-862]ak_fb: fb reset pin 34,active 1
[17:37:35-862]ak_fb: fb power pin 36,value 1,active 1
[17:37:35-862]ak_fb: fb backlight pin 82,value 1,active 1
[17:37:35-881]ak_fb: ak_fb_probe irq: 25
[17:37:35-881]lcd ctrl has inited!
[17:37:35-882]ak_fb: alloc lcdc mipi_panel_init
[17:37:35-882]ak_fb: peri_rate :500 
[17:37:35-895]ak_fb: pclk 45 factor 281 
[17:37:35-909]ak_fb: framebuffer address: 0x83900000, size:3717888
[17:37:35-909]ak_fb: fb0: ak-lcd frame buffer init done
[17:37:35-972]ak_gui_sys_init gui:0xc7802e10
[17:37:35-972]ak-gui 20040000.gui: ak_gui_dev_probe ok, build:Mar  4 2022,16:34:13
[17:37:36-053]phy:1843200 ,screensize:1843200 smem_len:3686400
[17:37:36-069]fb buffer 1:0xb658d000,2:0xb674f000 ,phy:2207252480 ,2:2209095680 smem_len:3686400
[17:37:36-070]The framebuffer device was mapped to memory successfully.:0xb6335000
[17:37:36-099]***** refresh screen task create sccess ! *****
[17:37:36-270]
[17:37:36-271][***_umount_mnt***]:156         umount -l /mnt/tf
[17:37:36-286]
[17:37:36-287][***scan_media_file***]:[953]:17891ms   /mnt/tf/photo/ non-existent 
[17:37:36-287]
[17:37:36-301][***scan_media_file***]:[959]:17891ms   /mnt/tf/video/ non-existent 
[17:37:36-301]
[17:37:36-307][***scan_media_file***]:[965]:17898ms   /mnt/tf/music/ non-existent 
[17:37:36-307]
[17:37:36-307][***scan_media_file***]:[971]:17906ms   /mnt/tf/picture/ non-existent 
[17:37:36-307]
[17:37:36-319][***scan_media_file***]:[977]:17913ms   /mnt/tf/call_record/ non-existent 
[17:37:36-319]
[17:37:36-331][***scan_media_file***]:[983]:17920ms   /mnt/tf/msg_record/ non-existent 
[17:37:36-331]
[17:37:36-331][***scan_media_file***]:[989]:17927ms   /mnt/tf/motion_record/ non-existent 
[17:37:36-331]
[17:37:36-349][***scan_media_file***]:[995]:17934ms   /mnt/tf/alarm_record/ non-existent 
[17:37:36-363]/bin/sh: 1: not found
[17:37:36-410]
[17:37:36-410][***_sdcard_info_get***]:38     fdisk -l /dev/mmcblk0
[17:37:36-457]
[17:37:36-474][***_sdcard_info_check_valid***]:106    disk info block0_sector:[15269888], p1_sector:[7532545], p2_sector:[7532543], sector_size:[512]
[17:37:36-474]
[17:37:36-474][***_sdcard_info_check_valid***]:124    _sdcard_info_check_valid : true
[17:37:36-474]
[17:37:36-480][***mount_mmcblk***]:[1507]:18073ms     Mount /dev/mmcblk0p1 successful
[17:37:36-481]
[17:37:36-506][***mount_mmcblk***]:[1533]:18077ms     Mount /dev/mmcblk0p2 successful
[17:37:36-739]udhcpc: sending discover
[17:37:36-815]udhcpc: sending select for 192.168.48.170
[17:37:36-816]udhcpc: lease of 192.168.48.170 obtained, lease time 3600
[17:37:36-893]deleting routes
[17:37:37-313]Mandatory LAR - 10M !
[17:37:37-313]No Link
[17:37:37-377]setting up the cable unplug timer1 for mac1
[17:37:37-378]route: SIOCDELRT: No such process
[17:37:37-378]ifconfig  br0 192.168.37.11 
[17:37:37-407]adding dns 192.168.48.26
[17:37:37-407]
[17:37:37-407][***network_device_init***]:[444]:19014ms       C2:73:C9:3F:fd:11
[17:37:37-407]
[17:37:37-430][***network_device_init***]:[448]:19015ms       C2:73:C9:3F:fe:11
[17:37:37-430]
[17:37:37-430][***network_cmd_socket_init***]:[315]:19019ms   8
[17:37:37-453]================>>> nework_get_package_head:1224 
[17:37:38-265]===========================>>> 琛屾暟: 319   鍒楁暟: 12 
[17:37:38-266]===========================>>> 琛屾暟: 319   鍒楁暟: 12 
[17:37:38-284]find name video-decoder uio index 1
[17:37:38-301][     DRV][2026-09-01 17:37:36 468] ########### Can't found uio0 mapping for 0x20030000
[17:37:38-301][     DRV][2026-09-01 17:37:36 469] Found uio1 mapping for 0x20030000
[17:37:38-301]
[17:37:38-308][***file_list_task***]:[1621]:19899ms   file_list_task ==============================>>>>3670
[17:37:38-316][    VDEC][2026-09-01 17:37:36 471] [vdec_cb_init_reg:155] init vdec reg, va: 0xb5aa4000, pa: 0x20030000, len: 0x00010000
[17:37:38-326][AKV_VDEC][2026-09-01 17:37:36 477] --AKV Decoder Lib For Sun4 V1.2.02--
[17:37:38-328][AKV_VDEC][2026-09-01 17:37:36 478] ## AKV_Decoder_Init OK!
[17:37:38-364][AKV_VDEC][2026-09-01 17:37:36 490] ## AKV_Decoder_Open OK, handle=0x7e71c8
[17:37:38-365]system_bg_resource_load================!!!!!!!!!!!!!!!!!!:13109
[17:37:38-365]
[17:37:38-438]TUYA IPC_APP_PID :wlmukdvb76nx93ul
[17:37:38-439]FIND ===========>>2023-06-18.conf
[17:37:38-439]read tuya config:2023-06-18.conf 
[17:37:38-450]tuya_uuid_etc_exist_check ==============================>>>1
[17:37:38-461]read /app/data/tuya_key/2023-06-18.conf index :3 uuid :bkdzbde271f8aaa0f84f     kye :61aPQsZipK3YLEQvusT0AHN3WZVbjJqD
[17:37:38-482]IPC_APP_PID :wlmukdvb76nx93ul tuya_uuid :bkdzbde271f8aaa0f84f           tuya_key:61aPQsZipK3YLEQvusT0AHN3WZVbjJqD  
[17:37:38-496]
[17:37:38-497][***mailbox_status_create***]:1639      0
[17:37:38-497]backlight_open,44 1
[17:37:38-513]system_bg_resource_load================!!!!!!!!!!!!!!!!!!:13109
[17:37:38-513]
[17:37:38-513]
[17:37:38-513][***dev_info_status_callback***]:2084   ====dev_info_status_callback=======>>>>arg1:1   arg2:0
[17:37:38-513]
[17:37:38-513]
[17:37:38-523][***wifi_icon_display***]:1991  icon_offset:0
[17:37:38-523]
[17:37:38-523]
[17:37:38-544][UI_PERF] layout switch from=(nil) to=0x4f95bc prepare=46ms quit=0ms clean=0ms enter=26ms total=72ms
[17:37:39-116]official hostname:e13678.dscb.akamaiedge.net
[17:37:39-116]
[17:37:39-116]*******************************************
[17:37:39-116]pid:wlmukdvb76nx93ul
[17:37:39-127]uuid:bkdzbde271f8aaa0f84f
[17:37:39-127]key:61aPQsZipK3YLEQvusT0AHN3WZVbjJqD
[17:37:39-127]cache_dir:/app/data/tuya_cache/
[17:37:39-127]sd_dir:/mnt/tf2
[17:37:39-127]ver:5.0.5
[17:37:39-127]net_dev:wlan0
[17:37:39-151]*******************************************
[17:37:39-337]SDK Version:< TuyaOS V:6.2.20 BS:40.00_PT:2.3_LAN:3.5_CAD:1.0.5_CD:1.0.0 >
[17:37:39-348]< BUILD AT:2025_12_05_16_56_33 BY ci_manage FOR tuyaos-ipc AT anyka3918ev300s >
[17:37:39-365]IOT DEFS < WIFI_GW:1 DEBUG:0 KV_FILE:0 LITTLE_END:1 SL:1 OPERATING_SYSTEM:100 RELIABLE_TRANSFER:0 >
[17:37:39-365]
[17:37:39-366]MODE:3  LINK_TYPE:2 IP_MODE_TYPE:0
[17:37:39-772][01-01 00:00:00 ty I][6de4][tal_thread.c:185] thread_create name:sys_timer,stackDepth:4096,totalstackDepth:4096,priority:5
[17:37:39-786][01-01 00:00:00 ty I][6de4][tal_thread.c:185] thread_create name:wq_system,stackDepth:6144,totalstackDepth:10240,priority:3
[17:37:39-792][01-01 00:00:00 ty I][6de4][tal_thread.c:185] thread_create name:wq_highpri,stackDepth:5120,totalstackDepth:15360,priority:4
[17:37:39-805][01-01 00:00:00 ty I][6de4][tal_thread.c:185] thread_create name:health_monitor,stackDepth:1536,totalstackDepth:16896,priority:5
[17:37:39-824][01-01 00:00:00 ty I][6de4][mqc_app.c:516] mqc app init ...
[17:37:39-824][01-01 00:00:00 ty E][6de4][mqc_app.c:119] handler cnt is zero
[17:37:39-852][01-01 00:00:00 ty E][6de4][log_seq.c:861] open err
[17:37:39-894][01-01 00:00:00 ty I][6de4][kv_storge.c:45] Init Kvs With File:/app/data/tuya_cache/
[17:37:39-926][01-01 00:00:00 ty N][6de4][tuya_tls.c:876] uni_random_init...
[17:37:40-120][01-01 00:00:00 ty N][6de4][tuya_tls.c:303] tuya_tls_rand_init ok!
[17:37:40-129][01-01 00:00:00 ty N][6de4][tuya_svc_devos.c:338] gw_cntl->gw_wsm.stat:2
[17:37:40-129][01-01 00:00:00 ty E][6de4][tuya_wifi_connect.c:257] ret:-4
[17:37:40-143][01-01 00:00:00 ty E][6de4][base_event.c:153] ret:-4
[17:37:40-344][01-01 00:00:00 ty E][6de4][tuya_wifi_link.c:757] get mac fail:-4
[17:37:40-349][01-01 00:00:00 ty E][de4][tuya_wifi_netcfg.c:78] wf_wk_mode_set err:-4
[17:37:40-361][01-01 00:00:00 ty E][de4][tuya_ipc_sdk_init.c:441] gw status changed to [3], but not notify
[17:37:40-361]
[17:37:40-361][01-01 00:00:00 ty E][de4][tuya_svc_timer_task.c:1376] read timer_full_key failed
[17:37:40-382]
[17:37:40-384][***dev_info_status_event_push***]:1580         ====dev_info_status_event_push=======>>>>arg1:1 arg2:0
[17:37:40-384]
[17:37:40-384]
[17:37:40-407][***dev_info_status_callback***]:2084   ====dev_info_status_callback=======>>>>arg1:1   arg2:0
[17:37:40-407]
[17:37:41-417]
[17:37:41-417][***network_cmd_receive_task***]:[1165]:23007ms         family[1] device 1 off line ..........
[17:37:44-488]type:3,code:48,value:10 
[17:37:44-488]1, 488,358 
[17:37:44-488]
[17:37:44-496][***get_outdoor_talk_state***]:[116]:26090ms    [AUDIO_DIAG] door=1 busy raw=0 effective=0 now=26090 hang=0 grace=3000
[17:37:44-496]
[17:37:44-517][***get_outdoor_talk_state***]:[116]:26090ms    [AUDIO_DIAG] door=2 busy raw=0 effective=0 now=26090 hang=0 grace=3000
[17:37:44-577]type:3,code:48,value:0 
[17:37:44-578]0, 489,359 
[17:37:44-984]type:3,code:48,value:10 
[17:37:44-984]1, 359,344 
[17:37:44-984]audio_play==========0
[17:37:45-055]audio_output_open @@  16000  @@  16000  @@  0  @@  1  @@@@@@@@@@@@@@@@@@@@@
[17:37:45-082]audio_output_devices_open =======================================ch:1    rate:16000
[17:37:45-082][      AO][2026-09-01 17:37:43 239] [ak_ao_open:614] ao version: libplat_ao V1.10.12
[17:37:45-095]type:3,code:48,value:0 
[17:37:45-095]0, 360,345 
[17:37:45-096]
[17:37:45-108][***monitor_video_mode_close***]:2363   ==============monitor_video_mode_close====>>>>
[17:37:45-108]
[17:37:45-108]
[17:37:45-117][     VQE][2026-09-01 17:37:43 288] [ak_vqe_inner_open:2006] ak_vqe_inner_open entry...ai_vqe = (nil), ao_vqe = 0x834acc
[17:37:45-118]stream is close 
[17:37:45-118]
[17:37:45-126][***audio_talk_close***]:[486]:26719ms  [AUDIO_DIAG] talk close all=1 audiocast=0 status=0 send_eth=0x0 receive_eth=0x0
[17:37:45-126]
[17:37:45-145][***audio_talk_close***]:[499]:26720ms  [TUYA_AUDIO_TRACE] audio_talk_close: close local audio input/decode
[17:37:45-145]
[17:37:45-145][***layout_home_enter***]:617   ================================
[17:37:45-153]backlight_open,44 1
[17:37:45-154][    ECHO][2026-09-01 17:37:43 306] ## --AudioFilter Version V1.15.12, Echo--
[17:37:45-161][    ECHO][2026-09-01 17:37:43 307] ## jitterBuf: 0x832b58
[17:37:45-162][    ECHO][2026-09-01 17:37:43 313] ## _SD_Echo_Open far_path (0x832b10)
[17:37:45-162]
[17:37:45-173][***dev_info_status_callback***]:2084   ====dev_info_status_callback=======>>>>arg1:1   arg2:0
[17:37:45-173]
[17:37:45-174]
[17:37:45-186][***wifi_icon_display***]:1991  icon_offset:0
[17:37:45-186]
[17:37:45-186]
[17:37:45-186]
[17:37:45-186][***layout_home_enter***]:672   ================================
[17:37:45-194][UI_PERF] layout switch from=0x4f95bc to=0x4f77d4 prepare=4ms quit=22ms clean=0ms enter=32ms total=58ms
[17:37:45-205][    ECHO][2026-09-01 17:37:43 341] ## Echo: [    ECHO][2026-09-01 17:37:43 359] load far_Volume[    ECHO][2026-09-01 17:37:43 359] 
[17:37:45-231][    ECHO][2026-09-01 17:37:43 362] ## ASLC OPEN OK ena:1, lookAheadLen:96
[17:37:45-232][     VQE][2026-09-01 17:37:43 363] [get_nr_param:1331] nr not open
[17:37:45-783] [     VQE][2026-09-01 17:37:43 437] [ak_vqe_inner_open:2095] ak_vqe_inner_open exit...
[17:37:45-784][      AO][2026-09-01 17:37:43 460] [play_pcm_thread:286] thread id: 696
[17:37:45-785]-----dac set source
[17:37:45-785][      AO][2026-09-01 17:37:43 506] [ak_ao_open:645] leaved...
[17:37:45-786][    ECHO][2026-09-01 17:37:43 506] ## Echo: [    ECHO][2026-09-01 17:37:43 507] load far_NR[    ECHO][2026-09-01 17:37:43 507]  (enable)
[17:37:45-786][      AO][2026-09-01 17:37:43 530] [ak_ao_set_nr_attr:1366] leave...
[17:37:45-786][    ECHO][2026-09-01 17:37:43 546] ## Echo: [    ECHO][2026-09-01 17:37:43 547] set far_Volume param[    ECHO][2026-09-01 17:37:43 547] 
[17:37:45-786][      AO][2026-09-01 17:37:43 572] [ak_ao_set_aslc_attr:1293] leave...
[17:37:45-786][      AO][2026-09-01 17:37:43 578] [ak_ao_set_gain:792] set gain 3
[17:37:45-787][    ECHO][2026-09-01 17:37:43 588] ## Echo: [    ECHO][2026-09-01 17:37:43 589] set far_Volume param[    ECHO][2026-09-01 17:37:43 589] 
[17:37:45-787][      AO][2026-09-01 17:37:43 611] [ak_ao_set_volume:845] leave...
[17:37:45-787]audio_output_restart !!!!!!!!!!!!!!!!!!!!!!!!!!!!
[17:37:45-787][      AO][2026-09-01 17:37:43 618] [ak_ao_cancel:1481] enter...
[17:37:45-787][     VQE][2026-09-01 17:37:43 619] [ak_vqe_inner_clean_ao_buf:3413] osal_vqe_get_dac entry...
[17:37:45-787][    ECHO][2026-09-01 17:37:43 619] ## _SD_Echo_Reset (0x832b10)
[17:37:45-787][    ECHO][2026-09-01 17:37:43 621] ## ASLC OPEN OK ena:1, lookAheadLen:96
[17:37:45-787][     VQE][2026-09-01 17:37:43 622] [ak_vqe_inner_clean_ao_buf:3433] exit...
[17:37:45-787][      AO][2026-09-01 17:37:43 670] [ak_ao_cancel:1501] leave
[17:37:45-787][      AO][2026-09-01 17:37:43 670] [ak_ao_restart:1696] enter...
[17:37:45-787][      AO][2026-09-01 17:37:43 671] [ak_ao_restart:1724] leave
[17:37:45-787]audio_output_restart !!!!!!!!!!!!!!!!!!!!!!!!!!!!
[17:37:45-788][      AO][2026-09-01 17:37:43 671] [ak_ao_cancel:1481] enter...
[17:37:45-788][     VQE][2026-09-01 17:37:43 671] [ak_vqe_inner_clean_ao_buf:3413] osal_vqe_get_dac entry...
[17:37:45-788][    ECHO][2026-09-01 17:37:43 672] ## _SD_Echo_Reset (0x832b10)
[17:37:45-788][    ECHO][2026-09-01 17:37:43 673] ## ASLC OPEN OK ena:1, lookAheadLen:96
[17:37:45-788][     VQE][2026-09-01 17:37:43 673] [ak_vqe_inner_clean_ao_buf:3433] exit...
[17:37:45-788][      AO][2026-09-01 17:37:43 735] [ak_ao_cancel:1501] leave
[17:37:45-788][      AO][2026-09-01 17:37:43 737] [ak_ao_restart:1696] enter...
[17:37:45-788][      AO][2026-09-01 17:37:43 738] [ak_ao_restart:1724] leave
[17:37:45-829]type:3,code:48,value:10 
[17:37:45-830]1, 185,184 
[17:37:45-830]audio_play==========0
[17:37:45-837]audio_output_open @@  16000  @@  16000  @@  1  @@  1  @@@@@@@@@@@@@@@@@@@@@
[17:37:45-859][    ECHO][2026-09-01 17:37:44 019] ## Echo: [    ECHO][2026-09-01 17:37:44 020] set far_NR param[    ECHO][2026-09-01 17:37:44 021]  (enable)
[17:37:45-870][      AO][2026-09-01 17:37:44 052] [ak_ao_set_nr_attr:1366] leave...
[17:37:45-889][    ECHO][2026-09-01 17:37:44 053] ## Echo: [    ECHO][2026-09-01 17:37:44 054] set far_Volume param[    ECHO][2026-09-01 17:37:44 055] 
[17:37:45-896][      AO][2026-09-01 17:37:44 080] [ak_ao_set_aslc_attr:1293] leave...
[17:37:45-908][      AO][2026-09-01 17:37:44 082] [ak_ao_set_gain:792] set gain 3
[17:37:45-922][    ECHO][2026-09-01 17:37:44 086] ## Echo: [    ECHO][2026-09-01 17:37:44 087] set far_Volume param[    ECHO][2026-09-01 17:37:44 088] 
[17:37:45-923][      AO][2026-09-01 17:37:44 101] [ak_ao_set_volume:845] leave...
[17:37:45-940]pcm_16bit_volume_cover===============>>81 - 0.177828
[17:37:45-940]type:3,code:48,value:0 
[17:37:45-940]0, 186,185 
[17:37:45-940]
[17:37:45-956][***layout_home_quit***]:677    ======LAYOUT_QUIT_FUNC=====>>
[17:37:45-956]
[17:37:45-965]
[17:37:45-966][***dev_info_status_callback***]:2084   ====dev_info_status_callback=======>>>>arg1:1   arg2:0
[17:37:45-966]
[17:37:45-966]
[17:37:45-971][***wifi_icon_display***]:1991  icon_offset:0
[17:37:45-972]
[17:37:45-972]
[17:37:45-985][UI_PERF] layout switch from=0x4f77d4 to=0x4f8324 prepare=3ms quit=0ms clean=0ms enter=16ms total=19ms
[17:37:46-022]audio_output_restart !!!!!!!!!!!!!!!!!!!!!!!!!!!!
[17:37:46-022][      AO][2026-09-01 17:37:44 204] [ak_ao_cancel:1481] enter...
[17:37:46-032][     VQE][2026-09-01 17:37:44 206] [ak_vqe_inner_clean_ao_buf:3413] osal_vqe_get_dac entry...
[17:37:46-045][    ECHO][2026-09-01 17:37:44 207] ## _SD_Echo_Reset (0x832b10)
[17:37:46-045][    ECHO][2026-09-01 17:37:44 208] ## ASLC OPEN OK ena:1, lookAheadLen:96
[17:37:46-057][     VQE][2026-09-01 17:37:44 208] [ak_vqe_inner_clean_ao_buf:3433] exit...
[17:37:46-066][      AO][2026-09-01 17:37:44 250] [ak_ao_cancel:1501] leave
[17:37:46-088][      AO][2026-09-01 17:37:44 250] [ak_ao_restart:1696] enter...
[17:37:46-088][      AO][2026-09-01 17:37:44 251] [ak_ao_restart:1724] leave
[17:37:46-500]type:3,code:48,value:10 
[17:37:46-500]1, 636,398 
[17:37:46-501]audio_play==========0
[17:37:46-504]audio_output_open @@  16000  @@  16000  @@  1  @@  1  @@@@@@@@@@@@@@@@@@@@@
[17:37:46-527][    ECHO][2026-09-01 17:37:44 687] ## Echo: [    ECHO][2026-09-01 17:37:44 688] set far_NR param[    ECHO][2026-09-01 17:37:44 689]  (enable)
[17:37:46-545][      AO][2026-09-01 17:37:44 719] [ak_ao_set_nr_attr:1366] leave...
[17:37:46-550]type:3,code:48,value:0 
[17:37:46-552]0, 637,399 
[17:37:46-579][    ECHO][2026-09-01 17:37:44 736] ## Echo: [    ECHO][2026-09-01 17:37:44 737] set far_Volume param[    ECHO][2026-09-01 17:37:44 738] 
[17:37:46-579]
[17:37:46-584][***layout_setting_info_enter***]:413   ================================
[17:37:46-584]
[17:37:46-585][***setting_bg_display***]:32 
[17:37:46-585]
[17:37:46-585]
[17:37:46-585]
[17:37:46-607][      AO][2026-09-01 17:37:44 768] [ak_ao_set_aslc_attr:1293] leave...
[17:37:46-607][      AO][2026-09-01 17:37:44 774] [ak_ao_set_gain:792] set gain 3
[17:37:46-607]MTD涓暟:11
[17:37:46-607]
[17:37:46-619][***get_curr_relesse_date***]:186       Release Date : 2026-9-1
[17:37:46-638][    ECHO][2026-09-01 17:37:44 798] ## Echo: [    ECHO][2026-09-01 17:37:44 798] set far_Volume param[    ECHO][2026-09-01 17:37:44 799] 
[17:37:46-652][UI_PERF] layout switch from=0x4f8324 to=0x4f893c prepare=24ms quit=0ms clean=0ms enter=65ms total=90ms
[17:37:46-652][DEBUG][__on_status_online:0067]  online: network status MQTT connected
[17:37:46-659][***dev_info_status_event_push***]:1580         ====dev_info_status_event_push=======>>>>arg1:1 arg2:0
[17:37:46-659]
[17:37:46-680][      AO][2026-09-01 17:37:44 838] [ak_ao_set_volume:845] leave...
[17:37:46-757]audio_output_restart !!!!!!!!!!!!!!!!!!!!!!!!!!!!
[17:37:46-757][      AO][2026-09-01 17:37:44 940] [ak_ao_cancel:1481] enter...
[17:37:46-769][     VQE][2026-09-01 17:37:44 940] [ak_vqe_inner_clean_ao_buf:3413] osal_vqe_get_dac entry...
[17:37:46-778][    ECHO][2026-09-01 17:37:44 940] ## _SD_Echo_Reset (0x832b10)
[17:37:46-778][    ECHO][2026-09-01 17:37:44 941] ## ASLC OPEN OK ena:1, lookAheadLen:96
[17:37:46-800][     VQE][2026-09-01 17:37:44 942] [ak_vqe_inner_clean_ao_buf:3433] exit...
[17:37:46-802][      AO][2026-09-01 17:37:44 987] [ak_ao_cancel:1501] leave
[17:37:46-819][      AO][2026-09-01 17:37:44 987] [ak_ao_restart:1696] enter...
[17:37:46-819][      AO][2026-09-01 17:37:44 988] [ak_ao_restart:1724] leave
[17:37:47-396][09-01 17:37:46 ty E][6de4][tuya_imm_service_log.c:507] read media_log_info fails, ret[-6]
[17:37:47-396]tuya liteos uv
[17:37:47-896][09-01 17:37:47 ty E][6de4][tuya_ipc_streamer.c:1640] tstream init start
[17:37:47-925][09-01 17:37:47 ty E][6de4][tuya_ipc_streamer.c:1712] tstream init done
[17:37:48-023][09-01 17:37:47 ty E][6de4][tuya_ipc_stream_storage.c:1526] disable aov local storage,stor_format:0,aov_on:0
[17:37:48-042][09-01 17:37:47 ty E][27a4][tuya_ipc_event.c:1074] get type array cnt:130
[17:37:48-060][09-01 17:37:47 ty E][ecb4][tuya_ipc_stream_storage.c:1034] report sd status out:1, 0 -> 1
[17:37:48-060]
[17:37:48-061]write_mode set 0 -> 1
[17:37:50-032][ty_sdk_main, 601]
[17:37:50-032]_tuya_api_weather_get,198==================>>>>
[17:37:50-033]
[17:37:50-033]
[17:37:50-033]
[17:37:50-048][***tuya_stream_storage_thread***]:101  ******************************************START
[17:37:51-079]{
[17:37:51-081]        "data": {
[17:37:51-082]                "w.humidity.0": 85,
[17:37:51-082]                "w.pressure.0": 991,
[17:37:51-083]                "w.pm10.0":     12,
[17:37:51-083]                "w.pm25.0":     12,
[17:37:51-084]                "w.temp.0":     28,
[17:37:51-089]                "w.conditionNum.0":     "101",
[17:37:51-089]                "w.thigh.0":    29,
[17:37:51-089]                "w.tlow.0":     24,
[17:37:51-090]                "c.city":       "鐝犳捣",
[17:37:51-090]                "w.humidity":   82,
[17:37:51-090]                "w.pressure":   991,
[17:37:51-103]                "w.pm10":       12,
[17:37:51-103]                "w.pm25":       12,
[17:37:51-103]                "w.temp":       28,
[17:37:51-103]                "w.conditionNum":       "142"
[17:37:51-103]        },
[17:37:51-103]        "expiration":   5
[17:37:51-117]}_tuya_api_weather_get,283==================>>>>
[17:37:51-118]
[17:37:51-118]
[17:37:51-118]Tue Sep  1 17:37:51 UTC 2026
[17:37:52-615][09-01 17:37:52 ty E][2de4][tuya_svc_upgrade.c:885] result null
